Post ID,Account ID,Account Username,Account Name,Description,Duration (Sec),Publish Time,Permalink,Post Type,Comment,Date,Impressions,Reach,Shares,Follows,3s Views,Likes,Comments,Saves
18008700250324307,17841431992541162,masakmasak_tokyo,MASAK MASAK (マサ マサ),"MASAK MASAKでは定休日を毎週日曜日、祝日と毎１、３月曜日とさせて頂きます。�⁠
�⁠
｜7月の定休日｜��⁠

・7/4（日）��⁠
・7/5（月）��⁠
・7/11（日）��⁠
・7/18（日）��⁠
・7/19（月）��⁠
・7/22（木）��⁠
・7/23（金）��⁠
・7/25（日）��⁠
⁠
お客様に安心してご来店いただけるよう、ディナー（１７時～２１時）は予約制とさせていただきます。よろしくお願いいたします。�⁠

Hi,everyone.�⁠
��⁠
MASAK MASAK is closed on every Sunday,1st & 3rd Monday.�⁠
�⁠
�| July's Regular Holiday |��⁠
・7/4（Sun）��⁠
・7/5（Mon）��⁠
・7/11（Sun）��⁠
・7/18（Sun）��⁠
・7/19（Mon）��⁠
・7/22（Thu）��⁠
・7/23（Fri）��⁠
・7/25（Sun）��⁠
⁠
Please note dinner reservation (1700 – 2100) is recommended. Bookings can be accepted via both social media and phone call. We greatly appreciate your cooperation.�",0,06/30/21 03:06 AM,https://www.instagram.com/p/CQvbTLyNF25/,IG Image,,Lifetime,973,737,0,0,0,10,0,1
17881385609486092,17841431992541162,masakmasak_tokyo,MASAK MASAK (マサ マサ),"【夏限定デザート】⁠
⁠
7月1日から、夏限定デザート新発売！⁠
⁠
＜チェンドル　CENDOL＞⁠
¥750(税込)⁠
今度の夏は南国スイーツへ！⁠
パンダンで作った緑色の細長いゼリーと甘く煮た小豆、スイートコーンをトッピング。見た目不思議なマレーシアココナッツミルク風味のかき氷「チェンドル」新登場！⁠
⁠
#マサマサ #MASAKMASAK #マレーシア #家庭料理 #マレーシア料理 #東京グルメ #グルメ #九段下 #市ヶ谷グルメ #市ヶ谷カフェ #九段下カフェ #九段下グルメ #ランチ #ディナー #東京 #レストラン #tokyo #malaysia　#malaysiancafes #mycafefood #malaysiafood　#coffeeshopvibes #夏 #cendol #かき氷 #チェンドル #デザート #dessert #スイーツ #sweets",0,06/28/21 03:06 AM,https://www.instagram.com/p/CQqRqj3MoCh/,IG Image,,Lifetime,3205,2761,14,0,0,140,5,32
17922385672671786,17841431992541162,masakmasak_tokyo,MASAK MASAK (マサ マサ),"【夏限定メニュー】⁠
⁠
7月1日から、夏限定メニュー新発売！⁠
⁠
クリスピー　レモンチキンチョップ　Crispy Lemon Chicken Chop⁠
¥1000⁠
夏こそレモン！この季節に並ぶ、レモンの酸味とさわやかな自家製ソースを合わせた、カリッとジューシーな揚げ鶏。ご飯にも合う一品。⁠
⁠
#マサマサ #MASAKMASAK #マレーシア #家庭料理 #マレーシア料理 #東京グルメ #グルメ #九段下 #市ヶ谷グルメ #市ヶ谷カフェ #九段下カフェ #九段下グルメ #ランチ #ディナー #東京 #レストラン #tokyo #malaysia #malaysiancafes #mycafefood #malaysiafood #coffeeshopvibes #夏 #レモン #レモンチキン #唐揚げ #夏メニュー #lemon #chicken #檸檬雞扒飯",0,06/24/21 03:06 AM,https://www.instagram.com/p/CQf-fAitTSO/,IG Image,,Lifetime,4645,4112,0,0,0,155,3,29
17890736534196038,17841431992541162,masakmasak_tokyo,MASAK MASAK (マサ マサ),"お客さま各位⁠
⁠
6月21日(月)に政府より東京都へ発表された「まん延防止等重点措置」およびそれに対する各自治体からの要請に対して、当面の期間下記の通り営業時間を変更させていただくことといたしました。⁠
⁠
＜営業時間の変更＞⁠
2021年6月21日（月）～2021年7月11日（日）まで⁠
⁠
午前11時～午後15時（L.O. 午後14時30分）⁠
⁠午後17時～午後20時（L.O. 午後19時30分）⁠
営業いたします。⁠
※営業日でも予告なく休館日とさせていただく場合がございます。何卒ご了承くださいませ。⁠
※お客様に安心してご来店いただけるよう下記の対応をさせて頂きます⁠
⁠
①ディナー（17時～20時）は予約制とさせていただきます。⁠
②衛生管理⁠
・従業員のマスク常時着用⁠
・従業員の手洗い、うがいの徹底⁠
・従業員の健康チェック（検温、倦怠感、咳など）⁠
・食事スペース・食器の消毒の徹底⁠
・「ソーシャル・ディスタンシング」の導入・席の間隔を空けるなどの対応⁠
⁠③お酒の提供にあたり東京都より発表されました以下の条件にて提供致します。⁠
・同一グループ2人以内での利用⁠
・11時から19時までの間⁠
・利用者の滞在時間90分以内⁠
⁠
新型コロナウィルス感染症拡大の状況、政府・自治体からの要請等により、実施内容や実施期間が変更になる可能性がございます。⁠
⁠
お客様にはご不便をおかけいたしますが、感染拡大防止対策を徹底して参ります。⁠
マレーシア本場の味を楽しんで頂けるようレストランにてスタッフ一同お待ちしております！⁠
⁠
何卒ご理解の程よろしくお願い致します。⁠
⁠
株式会社 MASAK MASAK",0,06/22/21 03:06 AM,https://www.instagram.com/p/CQa05sjnb1-/,IG Image,,Lifetime,1094,866,0,0,0,18,0,0
18186087028107609,17841431992541162,masakmasak_tokyo,MASAK MASAK (マサ マサ),"「春限定メニュー」

春限定でしたスープパンミーは6月末まで、終了となります😃

7月から限定の新メニューが始まります。
それは、〇〇です！楽しみにお待ち下さい♪

Our Spring Limited Menu, Soup Pan Mee will be end soon! Grab a taste before this June!

We will launch our next limited menu in this July! Stay Tuned~🥰

営業時間
<EAT IN>�
11:00~15:00 (L.O.14:30)�
17:00~20:00 (L.O.19:00)※予約制�

<TAKE OUT>�
電話受付:11:00~�
お渡し時間:11:00~�
☎03-6261-4147�
✉️DMへ

では皆さまのご来店もお待ちしております🍱�

#マサマサ #MASAKMASAK #マレーシア #家庭料理 #マレーシア料理 #東京グルメ #グルメ #九段下 #市ヶ谷グルメ #市ヶ谷カフェ #九段下カフェ #九段下グルメ #ランチ #ディナー #東京 #レストラン #tokyo #malaysia #malaysiancafes #mycafefood #malaysiafood #takeout #春 #春限定 #春限定メニュー #panmee #スープパンミー #スープ #パンミー #麺",0,06/21/21 08:06 PM,https://www.instagram.com/p/CQaBbJ5rTE6/,IG Image,,Lifetime,2187,1928,0,0,0,103,0,7
17915991550765980,17841431992541162,masakmasak_tokyo,MASAK MASAK (マサ マサ),"昨日は粽(ちまさ)食べるの日です。
.
マレーシアの中華系は""端午の節句""に粽を食べる習慣があります！粽はもち米で作られ、中には肉、豆或いはほかのアンが入っています。そして、竹や葦の葉っぱで三角形か長方形の粽を作り、柔らかい草や縄で固定します。
.
営業時間
<EAT IN>
11:00~15:00 (L.O.14:30)
17:00~20:00 (L.O.19:00)※予約制
※現在、アルコールの提供は只今行っておりません。
.
<TAKE OUT>
電話受付:11:00~
お渡し時間:11:00~
☎️03-6261-4147
✉️DMへ
.
では本日も皆さまのご来店もお待ちしております🍱
.
#マサマサ #MASAKMASAK #マレーシア #家庭料理 #マレーシア料理 #東京グルメ #グルメ #九段下 #市ヶ谷グルメ #市ヶ谷カフェ #九段下カフェ #九段下グルメ #ランチ #ディナー #東京 #レストラン #tokyo #malaysia #malaysiancafes #mycafefood #malaysiafood #takeout #端午の節句 #端午節 #dragonboatfestival #ちまさ #粽",0,06/14/21 07:06 PM,https://www.instagram.com/p/CQH5Dk1IKrd/,IG Image,,Lifetime,2149,1820,0,0,0,96,4,4
18185452642110379,17841431992541162,masakmasak_tokyo,MASAK MASAK (マサ マサ),"夏限定メニュー？

Summer Limited Menu?

夏季限定菜單？",0,06/11/21 03:06 AM,https://www.instagram.com/p/CP-gMczHOOR/,IG Image,,Lifetime,1338,1100,0,0,0,87,3,2
17921307928718034,17841431992541162,masakmasak_tokyo,MASAK MASAK (マサ マサ),"おはようございます！❣﻿﻿
午前11:00から、午後20まで、元気にオープンしています！﻿﻿
﻿
気持ちよい天気が続いてますね。﻿
﻿
こちらはマレーシアの国民ドリンク、アイステータリックですね。今の時期に似合う爽やかな味になっています。﻿
﻿﻿
<EAT IN>﻿﻿
11:00~15:00 (L.O.14:30)﻿﻿
17:00~20:00 (L.O.19:00)※予約制﻿﻿
※現在、アルコールの提供は只今行っておりません。﻿﻿
﻿﻿
<TAKE OUT>﻿﻿
電話受付:11:00~﻿﻿
お渡し時間:11:00~﻿﻿
☎03-6261-4147﻿﻿
✉️DMへ﻿
﻿﻿
では本日も皆さまのご来店もお待ちしております🍱﻿﻿
﻿
#マサマサ #MASAKMASAK #マレーシア #家庭料理 #マレーシア料理 #東京グルメ #グルメ #九段下 #市ヶ谷グルメ #市ヶ谷カフェ #九段下カフェ #九段下グルメ #ランチ #ディナー #東京 #レストラン #tokyo #malaysia #malaysiancafes #mycafefood #malaysiafood #takeout #テイクアウト #drink #ドリンク #tehtarik #テータリック",0,06/04/21 09:06 PM,https://www.instagram.com/p/CPuZZSrs1vY/,IG Image,,Lifetime,1681,1436,0,0,0,86,0,6
17930015641571026,17841431992541162,masakmasak_tokyo,MASAK MASAK (マサ マサ),"お客さま各位⁠﻿
⁠﻿
4月25日(日)に政府より東京都へ発表された「緊急事態宣言」およびそれに対する各自治体からの要請に対して、当面の期間下記の通り営業時間を変更させていただくことといたしました。⁠﻿
⁠﻿
＜営業時間の変更＞⁠﻿
2021年6月1日（火）～2021年6月20日（日）まで⁠﻿
⁠﻿
午前11時～午後20時（L.O. 午後19時00分）営業いたします。⁠﻿
※アルコール飲料終日提供停止⁠﻿
※営業日でも予告なく休館日とさせていただく場合がございます。何卒ご了承くださいませ。⁠﻿
※お客様に安心してご来店いただけるよう下記の対応をさせて頂きます﻿
①ディナー（18時～20時）は予約制とさせていただきます。⁠﻿
②衛生管理﻿
・従業員のマスク常時着用﻿
・従業員の手洗い、うがいの徹底﻿
・従業員の健康チェック（検温、倦怠感、咳など）﻿
・食事スペース・食器の消毒の徹底﻿
・「ソーシャル・ディスタンシング」の導入・席の間隔を空けるなどの対応﻿
⁠﻿
新型コロナウィルス感染症拡大の状況、政府・自治体からの要請等により、実施内容や実施期間が変更になる可能性がございます。⁠﻿
⁠﻿
お客様にはご不便をおかけいたしますが、﻿
感染拡大防止対策を徹底して参ります。﻿
マレーシア本場の味を楽しんで頂けるようレストランにてスタッフ一同お待ちしております！﻿
﻿
何卒ご理解の程よろしくお願い致します。﻿
⁠﻿
株式会社 MASAK MASAK",0,05/30/21 08:05 PM,https://www.instagram.com/p/CPhdXLBsOg0/,IG Carousel,,Lifetime,1172,832,0,0,0,22,0,1
17873048447341512,17841431992541162,masakmasak_tokyo,MASAK MASAK (マサ マサ),"おはようございます！❣﻿
午前11:00から、元気にオープンしています！﻿
今日の天気が良さそうですね~﻿
﻿
<EAT IN>﻿
11:00~15:00 (L.O.14:30)﻿
17:00~20:00 (L.O.19:00)※予約制﻿
※現在、アルコールの提供は只今行っておりません。﻿
﻿
<TAKE OUT>﻿
電話受付:11:00~﻿
お渡し時間:11:00~﻿
☎03-6261-4147﻿
✉️DMへ
﻿
では本日も皆さまのご来店もお待ちしております🍱﻿

#マサマサ #MASAKMASAK #マレーシア #家庭料理 #マレーシア料理 #東京グルメ #グルメ #九段下 #市ヶ谷グルメ #市ヶ谷カフェ #九段下カフェ #九段下グルメ #ランチ #ディナー #東京 #レストラン #tokyo #malaysia #malaysiancafes #mycafefood #malaysiafood #テイクアウト #takeout #nasilemak #ナシレマッ #laksa #ラクサ #chickenrice #チキンライス",0,05/28/21 08:05 PM,https://www.instagram.com/p/CPcPFezMnhi/,IG Carousel,,Lifetime,1625,1251,2,0,0,119,0,16
17899406524909622,17841431992541162,masakmasak_tokyo,MASAK MASAK (マサ マサ),"「新メニュー」
大人気のティフィンランチに新メニューができました！﻿
﻿
ザーサイ豆腐﻿
豆腐の柔らかさにコリコリとした食感がクセになります。﻿
ザーサイと豚ひき肉の味が合わさりとてもオススメ！﻿
﻿
家庭風白菜煮込み﻿
中華系の家庭では定番のおかずの一つ。﻿
干しエビとニンニクで白菜を煮込んで作るうま味の強い料理で、ご飯と似合う一品です。﻿
﻿
#マサマサ #MASAKMASAK #マレーシア #家庭料理 #マレーシア料理 #東京グルメ #グルメ #九段下 #市ヶ谷グルメ #市ヶ谷カフェ #九段下カフェ #九段下グルメ #ランチ #ディナー #東京 #レストラン #tokyo #malaysia #malaysiancafes #mycafefood #malaysiafood #tiffin #ティフィン #野菜 #肉 #弁当 #豆腐 #ザーサイ #白菜 #煮込み",0,05/25/21 05:05 AM,https://www.instagram.com/p/CPS9R7zsIBT/,IG Image,,Lifetime,1547,1322,0,0,0,63,0,3
17896159517034691,17841431992541162,masakmasak_tokyo,MASAK MASAK (マサ マサ),"先日はご多忙の中、「マレーシアナイト」に出席頂き、まことにありがとうございました 。たくさんマレーシア料理を食べて、現地の人々を話して、文化を交流して、心より感謝します。﻿
﻿
さて、今後のイベント企画も楽しみお待ちします。﻿
﻿
※お客様より、写真掲載の件ご了承頂いてます。﻿
※当店では、コロナ感染防止対策を実施しております。﻿
﻿
#マサマサ #MASAKMASAK #マレーシア #家庭料理 #マレーシア料理 #東京グルメ #グルメ #九段下 #市ヶ谷グルメ #市ヶ谷カフェ #九段下カフェ #九段下グルメ #ランチ #ディナー #東京 #レストラン #tokyo #malaysia #malaysiancafes #mycafefood #malaysiafood #coffeeshopvibes #文化交流イベント #イベント #国際交流 #異文化交流 #異文化 #世界 #コラボ",0,05/21/21 08:05 PM,https://www.instagram.com/p/CPKP8AHMuub/,IG Carousel,,Lifetime,1778,1390,0,0,0,121,1,3
17856529181535983,17841431992541162,masakmasak_tokyo,MASAK MASAK (マサ マサ),"お客さま各位⁠
⁠
4月25日(日)に政府より東京都へ発表された「緊急事態宣言」およびそれに対する各自治体からの要請に対して、当面の期間下記の通り飲食店の営業時間を変更させていただくことといたしました。⁠
⁠
＜営業時間の変更＞⁠
2021年5月12日（水）～2021年5月31日（月）まで⁠
⁠
午前11時～午後20時（L.O. 午後19時00分）営業いたします。⁠
※アルコール飲料終日提供停止⁠
※営業日でも予告なく休館日とさせていただく場合がございます。何卒ご了承くださいませ。⁠
※お客様に安心してご来店いただけるよう、ディナー（18時～20時）は予約制とさせていただきます。⁠
⁠
新型コロナウィルス感染症拡大の状況、政府・自治体からの要請等により、実施内容や実施期間が変更になる可能性がございます。⁠
⁠
お客さまには大変なご心配とご迷惑をおかけいたしますが、何卒ご理解賜りますようお願いいたします。⁠
⁠
株式会社 MASAK MASAK",0,05/15/21 03:05 AM,https://www.instagram.com/p/CO47anlJ3cq/,IG Image,,Lifetime,1037,828,0,0,0,19,0,0
17952229198444176,17841431992541162,masakmasak_tokyo,MASAK MASAK (マサ マサ),"ハリ・ラヤ・アイディルフィトリの期間、マレーシアのイスラム教徒たちは家族や友人たちと食卓を囲み、神からの赦しと恵みに感謝し、断食明けをみんなで楽しく祝います。﻿
﻿
To all our Muslim Friends, Selamat Hari Raya Aidilfitri!﻿
﻿
#マサマサ #MASAKMASAK #マレーシア #家庭料理 #マレーシア料理 #東京グルメ #グルメ #九段下 #市ヶ谷グルメ #市ヶ谷カフェ #九段下カフェ #九段下グルメ #ランチ #ディナー #東京 #レストラン #tokyo #malaysia #malaysiancafes #mycafefood #malaysiafood #coffeeshopvibes #tokyo #festival #festivalseason #malaysia #cultures #travel",0,05/12/21 09:05 PM,https://www.instagram.com/p/COzIzcDMoni/,IG Image,,Lifetime,1268,1044,0,0,0,70,0,1
17866929770423757,17841431992541162,masakmasak_tokyo,MASAK MASAK (マサ マサ),"「新メニュー&レイチャ定番化」﻿
ランチメニューとメインメニューを新しくしました！﻿
﻿
また、冬限定の大人気メニューも定番化しました〜﻿
﻿
みんなのご来店もお待ちしております﻿
﻿
#マサマサ #MASAKMASAK #マレーシア #家庭料理 #マレーシア料理 #東京グルメ #グルメ #九段下 #市ヶ谷グルメ #市ヶ谷カフェ #九段下カフェ #九段下グルメ #ランチ #ディナー #東京 #レストラン #malaysia #nasilemak #laksa #thundertea #panmee #kayatoast #メニュー #レイチャ #カヤトースト #ラクサ #エビ麺 #ナシレマッ #醤油チキンライス #パンミー",0,05/07/21 09:05 PM,https://www.instagram.com/p/COmQ281snsl/,IG Image,,Lifetime,3694,3350,0,0,0,142,1,31
17850044540575618,17841431992541162,masakmasak_tokyo,MASAK MASAK (マサ マサ),"5/14クッキングナイトの料理内容を紹介します！﻿﻿オンデオンデです！﻿
﻿
オンデオンデは、ココナッツシュガーの入った生菓子。パンダンリーフで着色したお餅で、ココナッツシュガーを包み込み、ココナッツフレークをトッピングして作ります。﻿
﻿
中に包んだココナッツシュガーの餡が、時間経過と共に餅に吸収されてしまうので出来立てから数時間以内に食べてしまいたい新鮮勝負のスイーツです！﻿
﻿
ぜひ、チャレンジしてみてください！﻿
﻿
#マサマサ #MASAKMASAK #マレーシア #東京グルメ #グルメ #九段下 #市ヶ谷グルメ 下カフェ #九段下グルメ #ランチ #ディナー #東京 #レストラン #tokyo #malaysia #malaysiancafes #mycafefood #malaysiafood #coffeeshopvibes #文化交流イベント #イベント #国際交流 #異文化交流 #異文化 #世界 #コラボ #singapore #laksa #シンガポール #オンデオンデ #ondehondeh",0,05/07/21 04:05 AM,https://www.instagram.com/p/COkhqS-Mmln/,IG Image,,Lifetime,3916,3370,2,0,0,223,6,9
17869267577501326,17841431992541162,masakmasak_tokyo,MASAK MASAK (マサ マサ),"【5月イベント特製ティフィンセット】﻿⁠
﻿⁠
『マサマサ』✕『リトルマーライオン』の初コラボイベント「Culture Night (シンガポール・マレーシア文化ナイト)」の第2弾﻿、マレーシア３大民族料理をアップグレードしたオリジナルティフィンセットを発表します！﻿⁠
﻿⁠
マレー系カレー「ルンダン」、中華系の「肉ま詰め厚揚げ」と「茹で野菜」、インド系料理に代表される南洋スパイスをブレンドした炊き込みごはん「ナシ・ブリヤニ」、ドリンクと相性の良いこだわりの料理を美しくアレンジして提供します。まさに異国文化交流のイベントを彩るにふさわしい、味わい豊かなティフィン弁当になっています﻿。⁠
﻿⁠
この春、ゆっくりと食事やマレーシア文化を楽しみたいと思っている方は試してみてはいかがでしょうか。﻿⁠
⁠
| 第2回プログラム・クッキングナイト |⁠
⁠
仕事頑張っている方へ夜の楽しみを増やそう！⁠
誰でも簡単マレーシアお菓子作りに挑戦！⁠
⁠
| 第2回開催時間 |⁠
⁠
2021年5月14日﻿
⁠
| 申し込み方法 |﻿⁠
﻿⁠
Masak Masak﻿⁠
•https://forms.gle/kQgdeATYXHJsFYsVA﻿⁠
•電話：03-6261-4147﻿⁠
•メール: masakmasakjp@gmail.com﻿⁠
•DMにも受付しています。⁠
﻿⁠
マレーシア文化体験したい方は、お気軽に遊びに来てください！﻿⁠
﻿⁠
#マサマサ #MASAKMASAK #マレーシア #家庭料理 #マレーシア料理 #東京グルメ #グルメ #九段下 #市ヶ谷グルメ #市ヶ谷カフェ #九段下カフェ #九段下グルメ #ランチ #ディナー #東京 #レストラン #tokyo #malaysia #malaysiancafes #mycafefood #malaysiafood #coffeeshopvibes #文化交流イベント #イベント #国際交流 #異文化交流 #異文化 #世界 #コラボ",0,05/04/21 03:05 AM,https://www.instagram.com/p/COcmmNTg8KM/,IG Image,,Lifetime,4366,3854,2,0,0,113,0,22
18255288535018803,17841431992541162,masakmasak_tokyo,MASAK MASAK (マサ マサ),"お客さま各位⁠
⁠
10月1日(金)に政府より東京都へ発表された「リバウンド防止措置」およびそれに対する各自治体からの要請に対して、当面の期間下記の通り飲食店の営業時間を変更させていただくことといたしました。⁠
⁠
＜営業時間の変更＞⁠
2021年10月1日（金）～2021年10月23日（土）まで⁠
⁠
午前11時～午後21時（L.O. 午後20時00分）営業いたします。⁠
※アルコール飲料午後20時まで提供⁠
※営業日でも予告なく休館日とさせていただく場合がございます。何卒ご了承くださいませ。⁠
※お客様に安心してご来店いただけるよう、ディナー（17時～21時）は予約制とさせていただきます。⁠
⁠
新型コロナウィルス感染症拡大の状況、政府・自治体からの要請等により、実施内容や実施期間が変更になる可能性がございます。⁠
⁠
お客さまには大変なご心配とご迷惑をおかけいたしますが、何卒ご理解賜りますようお願いいたします。⁠
⁠
株式会社 MASAK MASAK",0,09/30/21 07:09 PM,https://www.instagram.com/p/CUd-213rirj/,IG Image,,Lifetime,398,353,0,0,0,10,0,0
17912806262059739,17841431992541162,masakmasak_tokyo,MASAK MASAK (マサ マサ),"「夏限定メニュー」⁡
⁡
夏限定でしたレモンチキンチョップとチェンドルは今日まで、終了となります😃⁡
⁡
10月から限定の新メニューが始まります。⁡
楽しみにお待ち下さい♪⁡
⁡
営業時間⁡
<EAT IN>�⁡
11:00~15:00 (L.O.14:30)�⁡
17:00~20:00 (L.O.19:00)※予約制�⁡
⁡
<TAKE OUT>�⁡
電話受付:11:00~�⁡
お渡し時間:11:00~�⁡
☎03-6261-4147�⁡
✉️DMへ⁡
⁡
では皆さまのご来店もお待ちしております🍱�⁡
⁡
#マサマサ #MASAKMASAK #マレーシア #家庭料理 #マレーシア料理 #東京グルメ #グルメ #九段下 #市ヶ谷グルメ #市ヶ谷カフェ #九段下カフェ #九段下グルメ #ランチ #ディナー #東京 #レストラン #tokyo #malaysia #malaysiancafes #mycafefood #malaysiafood #takeout",0,09/29/21 08:09 PM,https://www.instagram.com/p/CUbnA9-FHRs/,IG Carousel,,Lifetime,718,572,0,0,0,44,0,0
17909145743117780,17841431992541162,masakmasak_tokyo,MASAK MASAK (マサ マサ),"MASAK MASAKでは定休日を毎週日曜日、祝日と毎１、３月曜日とさせて頂きます。⁠
⁠
｜10月の定休日｜⁠
⁠
・10/3（日）⁠
・10/4（月）⁠
・10/10（日）⁠
・10/17（日）⁠
・10/18（月）⁠
・10/24（日）⁠
・10/31（日）⁠
⁠
お客様に安心してご来店いただけるよう、ディナー（17時～21時）は予約制とさせていただきます。よろしくお願いいたします。⁠
⁠
Hi,everyone.⁠
⁠
MASAK MASAK is closed on every Sunday,1st & 3rd Monday.⁠
⁠
�| October's Regular Holiday |⁠
・10/3（Sun）⁠
・10/4（Mon）⁠
・10/10（Sun）⁠
・10/17（Sun）⁠
・10/18（Mon）⁠
・10/24（Sun）⁠
・10/31（Sun）⁠
⁠
Please note dinner reservation (1700 – 2100) is recommended. Bookings can be accepted via both social media and phone call. We greatly appreciate your cooperation。",0,09/29/21 07:09 PM,https://www.instagram.com/p/CUbaEG6LKLA/,IG Image,,Lifetime,347,305,0,0,0,6,0,1
18169531459195828,17841431992541162,masakmasak_tokyo,MASAK MASAK (マサ マサ),"マレーシアのミルクティー「テータリック」。⁠
以前からマサマサでも人気のあるメニュー！⁠
この度、その「テータリック」がさらに本場のマレーシアの味に近づき販売されます！⁠
試行錯誤を繰り返し、レベルアップしたテータリック！⁠
是非ご賞味ください！⁠
⁠
#マサマサ #MASAKMASAK #マレーシア #家庭料理 #マレーシア料理 #東京グルメ #グルメ #九段下 #市ヶ谷グルメ #市ヶ谷カフェ #九段下カフェ #九段下グルメ #ランチ #ディナー #東京 #レストラン #tokyo #malaysia #malaysiancafes #mycafefood #malaysiafood #coffeeshopvibes #tehtarik #milktea #ミルクティー #テータリック⁠",0,09/29/21 01:09 AM,https://www.instagram.com/p/CUZh3IAMU2m/,IG Image,,Lifetime,763,678,0,0,0,66,0,1
17919184666911335,17841431992541162,masakmasak_tokyo,MASAK MASAK (マサ マサ),"秋限定メニュー！トマトチキンカレー「アヤム・マサメラ」(Ayam Masak Merah)10月から、販売スタート！⁡
⁡
鶏肉とトマトの酸味、スイートチリの甘辛みがとろりとしたソースで煮込み、⁡
スパイスの香りを生かして仕上げました。⁡
辛みにマイルドにしてくれるトマトライスと甘いアチャール付き。⁡
チキンのトマト煮込みマレー家庭料理「アヤム・マサメラ」。⁡
⁡
EAT IN ￥1200（税込） ⁡
TAKEOUT ￥1178（税込）⁡
⁡
#マサマサ #MASAKMASAK #マレーシア #家庭料理 #マレーシア料理 #東京グルメ #九段下 #市ヶ谷グルメ #市ヶ谷カフェ #九段下カフェ #九段下ルメ #ランチ #ィナー #東京 #レストラン #tokyo #malaysia　#malaysiancafes #mycafefood #malaysiafood #coffeeshopvibes #ayammasakmerah #トマト煮込み #鶏 #辛い #チキン #アチャール #甘い",0,09/22/21 03:09 AM,https://www.instagram.com/p/CUHrn-llUIa/,IG Image,,Lifetime,1661,1491,0,0,0,122,4,4
17943062065552346,17841431992541162,masakmasak_tokyo,MASAK MASAK (マサ マサ),"本日は「中秋節」という中秋の名月で、一年で最も美しい月が見える日と言われています。⁡
⁡
「中秋節」といって、今晩は家族団欒で、MASAK MASAKの「冰皮月餅」食べながら、ゆっくりお月見してみてはいかがですか？⁡
⁡
今晩は8年ぶり満月十五夜だそうです。⁡
⁡
中秋節快樂！⁡
Happy Mid-Autumn Festival！⁡
⁡
#マサマサ #MASAKMASAK #マレーシア #家庭料理 #マレーシア料理 #東京ルメルメ #九段下 #市ヶ谷ルメ #市ヶ谷カフェ #九段下カフェ #九段下グルメー #東京 #レストラン #tokyo #malaysia #mycafefood #malaysiafood #coffeeshopvibes #mooncake #midautumn  #月餅 #げっぺい #スイーツ #冰皮月餅  #お菓子 #中秋 #festival #節日",0,09/21/21 01:09 AM,https://www.instagram.com/p/CUE4DCiLB00/,IG Image,,Lifetime,998,875,0,0,0,79,2,2
17934618418640361,17841431992541162,masakmasak_tokyo,MASAK MASAK (マサ マサ),"秋限定メニュー?⁠
⁠
Autumn Limited Menu?⁠
⁠
秋季限定菜單？",0,09/14/21 05:09 PM,https://www.instagram.com/p/CT0nNkyNI1K/,IG Image,,Lifetime,742,636,0,0,0,24,1,0
17863346126561046,17841431992541162,masakmasak_tokyo,MASAK MASAK (マサ マサ),"お客さま各位⁠
⁠
7月12日(月)に政府より東京都へ発表された「緊急事態宣言」およびそれに対する各自治体からの要請に対して、当面の期間下記の通り飲食店の営業時間を変更させていただくことといたしました。⁠
⁠
＜営業時間の変更＞⁠
2021年7月12日（月）～2021年9月30日（木）まで⁠
⁠
午前11時～午後20時（L.O. 午後19時00分）営業いたします。⁠
※アルコール飲料終日提供停止⁠
※営業日でも予告なく休館日とさせていただく場合がございます。何卒ご了承くださいませ。⁠
※お客様に安心してご来店いただけるよう、ディナー（17時～20時）は予約制とさせていただきます。⁠
⁠
新型コロナウィルス感染症拡大の状況、政府・自治体からの要請等により、実施内容や実施期間が変更になる可能性がございます。⁠
⁠
お客さまには大変なご心配とご迷惑をおかけいたしますが、何卒ご理解賜りますようお願いいたします。⁠
⁠
株式会社 MASAK MASAK",0,09/12/21 09:09 PM,https://www.instagram.com/p/CTv2RahtaWd/,IG Image,,Lifetime,540,441,0,0,0,9,0,0
17920159060777941,17841431992541162,masakmasak_tokyo,MASAK MASAK (マサ マサ),"お陰様で、今年の夏、ぴったりな‟ひんやりカラフルスイーツ” 、「冰皮月餅🥮」（ビーンピーユエビン）が売り切れました！
⁡
いつも応援してくださる皆様へ、誠にありがとうございました！
⁡
#マサマサ #MASAKMASAK #マレーシア #家庭料理 #マレーシア料理 #東京グルメ #グルメ #九段下 #市ヶ谷グルメ #市ヶ谷カフェ #九段下カフェ #九段下グルメー #東京 #レストラン #tokyo #malaysia #mycafefood #malaysiafood #coffeeshopvibes #mooncake #midautumn #月餅 #げっぺい #スイーツ #冰皮月餅 #中国菓子 #お菓子 #中秋 #festival #節日",0,09/01/21 08:09 PM,https://www.instagram.com/p/CTTgZTlLnDX/,IG Image,,Lifetime,975,826,0,0,0,65,0,2
17887172810165558,17841431992541162,masakmasak_tokyo,MASAK MASAK (マサ マサ),"【5月の定休日】﻿⁠
﻿⁠
MASAK MASAKでは定休日を毎週日曜日、祝日と毎１、３月曜日とさせて頂きます。﻿⁠
﻿⁠
｜5月の定休日｜﻿﻿⁠

・5/1（土）﻿﻿⁠
・5/2（日）﻿﻿⁠
・5/3（月）﻿﻿⁠
・5/4（火）﻿﻿⁠
・5/5（水）﻿﻿⁠
・5/9（日）﻿﻿⁠
・5/16（日）﻿﻿⁠
・5/17（月）﻿﻿⁠
・5/23（日）﻿﻿⁠
・5/30（日）﻿﻿⁠
⁠
※5/6(木)~5/11(火)の営業時間は午後3時までです。

お客様に安心してご来店いただけるよう、ディナー（１８時～２１時）は予約制とさせていただきます。よろしくお願いいたします。﻿⁠

Hi,everyone.﻿⁠
﻿﻿⁠
MASAK MASAK is closed on every Sunday,1st & 3rd Monday.﻿⁠
﻿⁠
﻿| May's Regular Holiday |﻿﻿⁠
・5/1（Sat）﻿﻿⁠
・5/2（Sun）﻿﻿⁠
・5/3（Mon）﻿﻿⁠
・5/4（Tue）﻿﻿⁠
・5/5（Wed）﻿﻿⁠
・5/9（Sun）﻿﻿⁠
・5/16（Sun）﻿﻿⁠
・5/17（Mon）﻿﻿⁠
・5/23（Sun）﻿﻿⁠
・5/30（Sun）﻿﻿⁠
⁠
※We will open until 3pm during 5/6(Thu)~5/11(Tue)

Please note dinner reservation (1800 – 2100) is recommended. Bookings can be accepted via both social media and phone call. We greatly appreciate your cooperation.﻿",0,04/30/21 01:04 AM,https://www.instagram.com/p/COSII81nq1u/,IG Image,,Lifetime,1233,971,0,0,0,24,0,0
17950803676447034,17841431992541162,masakmasak_tokyo,MASAK MASAK (マサ マサ),"五月から、お子様ランチスタート！

子どもたちの大好きなものを可愛く詰め込んだ、

チキンライス、醬油チキン、肉詰め厚揚げ、サラダ、果物、栄養バランスバッチリなお子様プレート！

※小学生以下のお客様に限ります。

#マサマサ #MASAKMASAK #マレーシア #家庭料理 #マレーシア料理 #東京グルメ #グルメ #九段下 #市ヶ谷グルメ #市ヶ谷カフェ #九段下カフェ #九段下グルメ #ランチ #ディナー #東京 #レストラン #tokyo #malaysia #malaysiancafes #mycafefood #malaysiafood #coffeeshopvibes
#kids #meal #キッズ #お子様ランチ #子ども #お子様プレート",0,04/28/21 03:04 AM,https://www.instagram.com/p/CONNNpPJ9X6/,IG Image,,Lifetime,1580,1360,2,0,0,71,0,0
17935756192477288,17841431992541162,masakmasak_tokyo,MASAK MASAK (マサ マサ),"お客さま各位⁠
⁠
平素よりMASAK MASAKをご利用いただきまして誠にありがとうございます。⁠
⁠
4月25日(日)に政府より東京都へ発表された「緊急事態宣言」およびそれに対する各自治体からの要請に対して、当面の期間下記の通り飲食店の営業時間を変更させていただくことといたしました。⁠
⁠
＜営業時間の変更＞⁠
2021年4月26日（金）～2021年5月11日（火）まで⁠
午前11時～午後15時（L.O. 午後14時）　ランチ営業⁠
（ただし、4/29 - 5/5の期間は休業いたします。）⁠
⁠
※アルコール飲料終日提供停止⁠
※営業日でも予告なく休館日とさせていただく場合がございます。何卒ご了承くださいませ。⁠
⁠
新型コロナウィルス感染症拡大の状況、政府・自治体からの要請等により、実施内容や実施期間が変更になる可能性がございます。⁠
⁠
お客さまには大変なご心配とご迷惑をおかけいたしますが、何卒ご理解賜りますようお願いいたします。⁠
⁠
株式会社 MASAK MASAK",0,04/24/21 06:04 PM,https://www.instagram.com/p/COEdl6gACd7/,IG Image,,Lifetime,1093,879,0,0,0,28,0,0
18220588189018604,17841431992541162,masakmasak_tokyo,MASAK MASAK (マサ マサ),"先日はご多忙の中、「マレーシアナイト」に出席頂き、まことにありがとうございました 。たくさんマレーシア料理を食べて、現地の人々を話して、文化を交流して、心より感謝します。﻿
﻿
さて、今後のイベント企画も楽しみお待ちします。﻿
﻿
※お客様より、写真掲載の件ご了承頂いてます。﻿
※当店では、コロナ感染防止対策を実施しております。﻿
﻿
#マサマサ #MASAKMASAK #マレーシア #家庭料理 #マレーシア料理 #東京グルメ #グルメ #九段下 #市ヶ谷グルメ #市ヶ谷カフェ #九段下カフェ #九段下グルメ #ランチ #ディナー #東京 #レストラン #tokyo #malaysia #malaysiancafes #mycafefood #malaysiafood #coffeeshopvibes #文化交流イベント #イベント #国際交流 #異文化交流 #異文化 #世界 #コラボ",0,04/23/21 05:04 PM,https://www.instagram.com/p/COB1BylsXTZ/,IG Carousel,,Lifetime,1515,1150,0,0,0,93,0,0
17892792446023558,17841431992541162,masakmasak_tokyo,MASAK MASAK (マサ マサ),"4/16ゲームナイトのイベントに一部のゲームを紹介いたします！﻿﻿﻿
﻿﻿﻿
①Eraser War（消しゴム戦争）﻿﻿
消しゴム（自分の駒）の角を押して移動させ、相手の上に乗せることができたら勝ち！﻿
﻿﻿﻿
②Ceper（ビン蓋のおはじき）﻿﻿﻿
ピン蓋を弾きゲームである！﻿
﻿﻿﻿
③帝・ミカド﻿
ミカドは、マレーシアではポピュラーな、竹ひごを使った日本から来たテーブルゲーム。﻿
﻿
詳しい遊び方は4/16のゲームナイトへ！﻿﻿﻿
﻿﻿﻿
| Time |﻿﻿﻿﻿
午後7時 – 午後9時﻿﻿﻿﻿
﻿﻿﻿﻿
| Date |﻿﻿﻿﻿
4/16 (金): Malaysia Night (Masak Masak)　﻿﻿﻿﻿
5/02 (日): Singapore Night (Little Merlion)﻿﻿﻿﻿
5/14 (金): Malaysia Night (Masak Masak)　﻿﻿﻿﻿
5/30 (日): Singapore Night (Little Merlion)﻿﻿﻿﻿
6/11 (金): Malaysia Night (Masak Masak)　﻿﻿﻿﻿
6/27 (日): Singapore Night (Little Merlion)﻿﻿﻿﻿
﻿﻿﻿﻿
| 申し込み方法 |﻿﻿﻿﻿
﻿﻿﻿﻿
Little Merlion﻿﻿﻿﻿
•電話：03-6822-7669﻿﻿﻿﻿
•インスタ：@littlemerlion_tokyo﻿﻿﻿﻿
﻿﻿﻿﻿
Masak Masak﻿﻿﻿﻿
•https://forms.gle/kQgdeATYXHJsFYsVA﻿﻿﻿
•電話：03-6261-4147﻿﻿﻿﻿
•インスタ：@masakmasak_tokyo﻿﻿﻿﻿
•メール: masakmasakjp@gmail.com﻿﻿﻿
﻿﻿﻿
※詳しい情報は投稿の写真を確認してください。﻿﻿﻿﻿
※For more detailed information, please check the photos on our Instagram post.﻿﻿﻿﻿
﻿﻿﻿
#マサマサ #MASAKMASAK #マレーシア #家庭料理 #マレーシア料理 #東京グルメ #グルメ #九段下 #市ヶ谷グルメ #市ヶ谷カフェ #九段下カフェ #九段下グルメ #ランチ #ディナー #東京 #レストラン #tokyo #malaysia #malaysiancafes #mycafefood #malaysiafood #coffeeshopvibes #文化交流イベント #イベント #国際交流 #異文化交流 #異文化 #世界 #コラボ",0,04/14/21 10:04 PM,https://www.instagram.com/p/CNrJT0YMCKQ/,IG Carousel,,Lifetime,1278,923,1,1,0,49,0,3
18201348247077845,17841431992541162,masakmasak_tokyo,MASAK MASAK (マサ マサ),"4/16ゲームナイトのイベントに一部のゲームを紹介いたします！﻿﻿
﻿﻿
①Batu Seremban（お手玉）﻿﻿
5個くらいのお手玉を素早いコンビネージョンで投げて遊びます。﻿﻿﻿
技の種類が色々あります。﻿﻿
﻿﻿
②Congkak（チョンカ）﻿﻿
長い木に14個の小さな穴と2つの大きな穴が作り、小さな穴にビー玉を７つずつ入れます。﻿﻿﻿
Congkakは２人ゲームで、自分の陣地は横１列７つの穴と一つの大きな穴。﻿﻿
自分の陣地のビー玉がなくなり、自分の大きな穴のビー玉の数が﻿﻿相手の大きな穴のビー玉の数より多ければ勝ち。﻿﻿﻿
﻿﻿
詳しい遊び方は4/16のゲームナイトへ！﻿﻿
﻿﻿
| Time |﻿﻿﻿
午後7時 – 午後9時﻿﻿﻿
﻿﻿﻿
| Date |﻿﻿﻿
4/16 (金): Malaysia Night (Masak Masak)　﻿﻿﻿
5/02 (日): Singapore Night (Little Merlion)﻿﻿﻿
5/14 (金): Malaysia Night (Masak Masak)　﻿﻿﻿
5/30 (日): Singapore Night (Little Merlion)﻿﻿﻿
6/11 (金): Malaysia Night (Masak Masak)　﻿﻿﻿
6/27 (日): Singapore Night (Little Merlion)﻿﻿﻿
﻿﻿﻿
| 申し込み方法 |﻿﻿﻿
﻿﻿﻿
Little Merlion﻿﻿﻿
•電話：03-6822-7669﻿﻿﻿
•インスタ：@littlemerlion_tokyo﻿﻿﻿
﻿﻿﻿
Masak Masak﻿﻿﻿
•https://forms.gle/kQgdeATYXHJsFYsVA﻿﻿
•電話：03-6261-4147﻿﻿﻿
•インスタ：@masakmasak_tokyo﻿﻿﻿
•メール: masakmasakjp@gmail.com﻿﻿
﻿﻿
※詳しい情報は投稿の写真を確認してください。﻿﻿﻿
※For more detailed information, please check the photos on our Instagram post.﻿﻿﻿
﻿﻿
#マサマサ #MASAKMASAK #マレーシア #家庭料理 #マレーシア料理 #東京グルメ #グルメ #九段下 #市ヶ谷グルメ #市ヶ谷カフェ #九段下カフェ #九段下グルメ #ランチ #ディナー #東京 #レストラン #tokyo #malaysia #malaysiancafes #mycafefood #malaysiafood #coffeeshopvibes #文化交流イベント #イベント #国際交流 #異文化交流 #異文化 #世界 #コラボ",0,04/14/21 03:04 AM,https://www.instagram.com/p/CNpJyc-M9jC/,IG Carousel,,Lifetime,1300,1008,2,0,0,65,0,0
17896606540952898,17841431992541162,masakmasak_tokyo,MASAK MASAK (マサ マサ),"本日はマレーシアマレー系の伝統な節日、「ラマダン」である。イスラム教が国教であるマレーシアでは、毎年「ラマダン」と呼ばれる行事が実施されます。「ラマダン」とはイスラム教の五行のひとつである「断食」を行う月のこと。約１か月にもおよぶ断食を終えると、今度は「ハリラヤプアサ」というお祝いの日がやってきます。この月の日の出から日没までの間、ムスリムの義務の一つ「断食（サウム）」として、飲食を絶つことが行われる。⁠
⁠
Wishing all our Muslim friend a blessed Ramadhan!⁠
⁠
📸:""https://www.freepik.com/vectors/people""People vector created by freepik - www.freepik.com⁠
⁠
#マサマサ #MASAKMASAK #マレーシア #家庭料理 #マレーシア料理 #東京グルメ #グルメ #九段下 #市ヶ谷グルメ #市ヶ谷カフェ #九段下カフェ #九段下グルメ #ランチ #ディナー #東京 #レストラン #tokyo #malaysia #malaysiancafes #mycafefood #malaysiafood #coffeeshopvibes #tokyo #festival #festivalseason #malaysia #cultures #travel",0,04/13/21 03:04 AM,https://www.instagram.com/p/CNmkq69MHkM/,IG Image,,Lifetime,1272,1074,1,2,0,96,0,0
17895253552987105,17841431992541162,masakmasak_tokyo,MASAK MASAK (マサ マサ),"お客さま各位⁠
⁠
平素よりMASAK MASAKをご利用いただきまして誠にありがとうございます。⁠
⁠
東京都まん延防止等重点措置が適用されることに伴い、当面の期間下記の通り飲食店の営業時間を変更させていただくことといたしました。⁠
⁠
＜営業時間の変更＞⁠
2021年4月12日（月）～2021年5月11日（火）まで⁠
⁠
午前11時～午後20時（L.O. 午後19時00分）営業いたします。
⁠
※アルコール飲料終日提供停止⁠
※営業日でも予告なく休館日とさせていただく場合がございます。何卒ご了承くださいませ。⁠
⁠
新型コロナウィルス感染症拡大の状況、政府・自治体からの要請等により、実施内容や実施期間が変更になる可能性がございます。⁠
⁠
お客さまには大変なご心配とご迷惑をおかけいたしますが、何卒ご理解賜りますようお願いいたします。⁠
⁠
株式会社 MASAK MASAK",0,04/11/21 07:04 AM,https://www.instagram.com/p/CNh37hcMKiZ/,IG Image,,Lifetime,982,811,0,0,0,25,0,2
17884196165087978,17841431992541162,masakmasak_tokyo,MASAK MASAK (マサ マサ),"「心をつなぐプロジェクト」﻿
﻿
日本に長期入院されているお姉さんが故郷の味を食べたくて、MASAK MASAKに連絡を頂きました。マレーシアのニョニャ民族のお菓子　Kuih Salat とOndeh Ondehを特別に作らせて頂きました。﻿
﻿
#マサマサ #MASAKMASAK #マレーシア #家庭料理 #マレーシア料理 #東京グルメ #グルメ #九段下 #市ヶ谷グルメ #市ヶ谷カフェ #九段下カフェ #九段下グルメ #ランチ #ディナー #東京 #レストラン #tokyo #malaysia #malaysiancafes #mycafefood #malaysiafood #coffeeshopvibes #ニョニャ #nyonya #お菓子 #kuihsalat #ondehondeh #地域奉仕 #ボランティア #心をつなぐ",0,04/08/21 04:04 AM,https://www.instagram.com/p/CNZy14rnepZ/,IG Carousel,,Lifetime,1844,1434,4,2,0,196,12,6
18152135581177787,17841431992541162,masakmasak_tokyo,MASAK MASAK (マサ マサ),"本日はマレーシア中華系の伝統な節日、「清明節」である。元来は中国の先祖祭。旧暦3月，春分から 15日目にあたる節日に，家中こぞって先祖の墓参りに出かけ，食事，酒，茶あるいは香燭や紙銭などを供える。この清明節は，家族と集まって、先祖の墓参りに出かけ，墓前に茶菓子などを供えて、墓の周りを掃除する。

📸:﻿
https://www.freepik.com/vectors/chinese'>Chinese vector created by freepik - www.freepik.com

#マサマサ #MASAKMASAK #マレーシア #家庭料理 #マレーシア料理 #東京グルメ #グルメ #九段下 #市ヶ谷グルメ #市ヶ谷カフェ #九段下カフェ #九段下グルメ #ランチ #ディナー #東京 #レストラン #tokyo #malaysia #malaysiancafes #mycafefood #malaysiafood #coffeeshopvibes #tokyo #festival #festivalseason #malaysia #cultures #travel",0,04/04/21 03:04 AM,https://www.instagram.com/p/CNPaLOeAfrO/,IG Image,,Lifetime,1146,915,0,0,0,60,1,0
17868792302336283,17841431992541162,masakmasak_tokyo,MASAK MASAK (マサ マサ),"本日から、スタッフを募集中！⁠
⁠
ここは都心だけど…マレーシアにいるような落ち着いた空間＊⁠
現地の雰囲気に囲まれて♪⁠
「普段から料理する又はマレーシアのことが好き！」⁠
「もっとマレーシア人、外国人と交流したい」⁠
そんな方にぴったりです☆⁠
最初は慣れないかもしれませんが、先輩たちがしっかりフォローするので安心してくださいね◎⁠
⁠
【カフェ&レストランSTAFF】⁠
*お洒落＆素敵な店内でお仕事♪*選べる時間帯！⁠
⁠
≪雇用形態≫⁠
アルバイト・パート⁠
⁠
≪シフト≫⁠
週1日以上 1日4時間以上⁠
シフト自由・自己申告⁠
⁠
≪給与≫⁠
時給1100円～＋交通費全額支給（上限あり）⁠
昇給あり⁠
研修時給1050円～(最大3ヵ月間)⁠
※能力により研修期間の変動あり。⁠
※カフェスタッフ経験者研修時給に変動なし。⁠
支払方法：月1回⁠
⁠
交通費：別途全額支給⁠
⁠
≪勤務時間≫⁠
10:00～22:00 (定休日 : 日曜日・祝日・第一、第三月曜日)⁠
⁠
≪勤務期間≫⁠
長期（3ヶ月以上）⁠
⁠
≪勤務地≫⁠
東京都 千代田区⁠
⁠
≪アクセス≫⁠
九段下駅　徒歩１０分⁠
市ヶ谷駅　徒歩１０分⁠
⁠
≪面接地≫⁠
MASAK MASAK⁠
⁠
≪お仕事内容≫⁠
＊ホール⁠
＊キッチン⁠
＊キッチン補助スタッフ⁠
※職種は一括採用後、希望や適性を考慮して配属します。⁠
⁠
≪待遇・福利厚生≫⁠
◆食事補助あり⁠
　店のメインメニュー200円で食べられる！⁠
◆服装、髪型、髪色、ピアス自由。⁠
仕事中はエプロンだけつけてくれればOK！⁠
好きな私服で働きたい⁠
⁠
#マサマサ #MASAKMASAK #マレーシア #家庭料理 #マレーシア料理 #東京グルメ #グルメ #九段下 #市ヶ谷グルメ #市ヶ谷カフェ #九段下カフェ #九段下グルメ #ランチ #ディナー #東京 #レストラン #tokyo #malaysia　#malaysiancafes #mycafefood #malaysiafood #coffeeshopvibes  #スタッフ募集中 #hiring #staff #アルバイト #スタッフ #募集中 #ホール #キッチン",0,04/02/21 03:04 AM,https://www.instagram.com/p/CNKNLadMlF3/,IG Image,,Lifetime,1336,1066,2,2,0,46,0,8
18172328956129680,17841431992541162,masakmasak_tokyo,MASAK MASAK (マサ マサ),"【4月の定休日】﻿⁠
﻿⁠
MASAK MASAKでは定休日を毎週日曜日、祝日と毎１、３月曜日とさせて頂きます。﻿⁠
﻿⁠
｜4月の定休日｜﻿﻿⁠
・4/4（日）﻿﻿⁠
・4/5（月）﻿﻿⁠
・4/11（日）﻿﻿⁠
・4/18（日）﻿﻿⁠
・4/19（月）﻿﻿⁠
・4/25（日）﻿﻿⁠
・4/29﻿﻿（木）⁠
⁠
※4/3(土)の営業時間は午後3時までです。

お客様に安心してご来店いただけるよう、ディナー（１８時～２１時）は予約制とさせていただきます。よろしくお願いいたします。﻿⁠
﻿⁠
1月7日(木)に政府より1都3県(東京都・神奈川県・埼玉県・千葉県)へ発表された「緊急事態宣言」とその後の段階的緩和期間およびそれに対する各自治体からの要請に対して、当面の期間下記の通り飲食店の営業時間を変更させていただくことといたしました。⁠
⁠
＜営業時間の変更＞⁠
2021年4月1日（木）～2021年4月21日（水）まで⁠

Hi,everyone.﻿⁠
﻿﻿⁠
MASAK MASAK is closed on every Sunday,1st & 3rd Monday.﻿⁠
﻿⁠
﻿|April's Regular Holiday|﻿﻿⁠
・4/4（Sun）﻿﻿⁠
・4/5（Mon）﻿﻿⁠
・4/11（Sun）﻿﻿⁠
・4/18（Sun）﻿﻿⁠
・4/19（Mon）﻿﻿⁠
・4/25（Sun）﻿﻿⁠⁠
・4/29﻿﻿（Thu）⁠
﻿⁠⁠
※We will open until 3pm on 4/3(Sat).

Please note dinner reservation (1800 – 2100) is recommended. Bookings can be accepted via both social media and phone call. We greatly appreciate your cooperation.﻿⁠",0,03/31/21 02:03 AM,https://www.instagram.com/p/CNE8_cUnGZ3/,IG Carousel,,Lifetime,1261,893,3,0,0,21,0,2
17870599214342774,17841431992541162,masakmasak_tokyo,MASAK MASAK (マサ マサ),"【春限定メニュー】⁠
⁠
4月1日から、春限定メニュー新発売！⁠
⁠
スープパンミー　(Pan Mee Soup)　￥1320⁠
もちもちの刀削麺パンミーを特製濃厚煮干しスープに入れ、野菜や揚げた赤たまねぎでコクをだしています。さらにボリュームも感じられるように炒めた豚肉と椎茸、カリカリ揚げ煮干しをトッピングしています。スープとの絡みがよく、体も心もほっこり温まる限定メニュー。⁠
⁠
#マサマサ #MASAKMASAK #マレーシア #家庭料理 #マレーシア料理 #東京グルメ #グルメ #九段下 #市ヶ谷グルメ #市ヶ谷カフェ #九段下カフェ #九段下グルメ #ランチ #ディナー #東京 #レストラン #tokyo #malaysia #malaysiancafes #mycafefood #malaysiafood #coffeeshopvibes #春 #春限定 #春メニュー新登場 #panmee #スープ #パンミー #麵",0,03/26/21 03:03 AM,https://www.instagram.com/p/CM4O9KVMz1t/,IG Image,,Lifetime,11912,10700,22,13,0,323,13,131
18100314232233341,17841431992541162,masakmasak_tokyo,MASAK MASAK (マサ マサ),"【Spring New Tiffin】⁠
⁠
4月1日から、春NEW TIFFINト新発売！⁠
⁠
ピサン・ゴレン (Pisang goreng)　￥770⁠
※アレルギー表示：卵、小麦⁠
バナナを揚げたスイーツで、バニラアイスとの相性ピッタリ！⁠
⁠
フルーツ・ロジャ (Fruit Rojak)　￥770⁠
※アレルギー表示：落花生、小麦、蝦⁠
マレーシアに伝統的なフルーツと野菜のサラダです。りんご、パイナップル、きゅうりの上に甘辛い味噌のようなソースと砕いたピーナツをあえてあります。⁠
⁠
揚げワンタン　(Fried Wonton)　￥770⁠
パリパリの揚げたては止まらない！おつまみにもおすすめ⁠
⁠
#マサマサ #MASAKMASAK #マレーシア #家庭料理 #マレーシア料理 #東京グルメ #グルメ #九段下 #市ヶ谷グルメ #市ヶ谷カフェ #九段下カフェ #九段下グルメ #ランチ #ディナー #東京 #レストラン #tokyo #malaysia #malaysiancafes #mycafefood #malaysiafood #春 #春メニュー #rojak #wonton #pisanggoreng #揚げワンタン #フルーツ #ロジャ #ピサン・ゴレン",0,03/24/21 03:03 AM,https://www.instagram.com/p/CMzFWCEsU9A/,IG Image,,Lifetime,2979,2528,3,3,0,107,3,9
17918359459574767,17841431992541162,masakmasak_tokyo,MASAK MASAK (マサ マサ),"【Spring Special Dessert】⁠
⁠
4月1日から、春限定スペシャルデザート新発売！⁠
⁠
芝麻糊 黒ゴマのお汁粉(Black Sesame Soup)　￥400（税込）⁠
黒ゴマをたっぷり使って作った温かいデザート⁠
カルシウム、鉄分など栄養素を補ってくれるヘルシーなデザート。⁠
⁠
花生糊 ピーナッツのお汁粉 (Sweet Peanut Soup)　￥400（税込）⁠
※アレルギー表示：落花生⁠
ピーナッツの香りと甘みを引き出し、柔らかく煮込んだ温かいデザート⁠
ピーナッツはビタミンEが含まれ、胃腸の調子を整えられる⁠
⁠
#マサマサ #MASAKMASAK #マレーシア #家庭料理 #マレーシア料理 #東京グルメ #グルメ #九段下 #市ヶ谷グルメ #市ヶ谷カフェ #九段下カフェ #九段下グルメ #ランチ #ディナー #東京 #レストラン #tokyo #malaysia #malaysiancafes #mycafefood #malaysiafood #coffeeshopvibes #春 #春限定 #春メニュー #花生糊  #芝麻糊  #ピーナッツお汁粉 #黒ゴマのお汁粉",0,03/23/21 03:03 AM,https://www.instagram.com/p/CMwgjpSAKZa/,IG Image,,Lifetime,4562,3968,5,7,0,140,3,26
18206886448017871,17841431992541162,masakmasak_tokyo,MASAK MASAK (マサ マサ),"【４月イベント特製ティフィンセット＆お席空き状況♪】﻿
﻿
『マサマサ』✕『リトルマーライオン』の初コラボイベント「Culture Night (シンガポール・マレーシア文化ナイト)」の第１弾﻿
マレーシア３大民族料理をアップグレードしたオリジナルティフィンセットを発表します！﻿
﻿
マレー系サクサクなスナック「カレーパフ」、中華系南乳風味の衣で揚げた「南乳豚唐揚げ」、インド系料理に代表される数種類のスパイスを合わせて作った「チキンカレー」、ドリンクと相性の良いこだわりの料理を美しくアレンジして提供します。まさに異国文化交流の初回イベントを彩るにふさわしい、味わい豊かなティフィン弁当になっています﻿
﻿
この春、ゆっくりと食事やマレーシア文化を楽しみたいと思っている方は試してみてはいかがでしょうか。﻿
﻿
さて、イベントのお席空き状況は下の通りです☺﻿
﻿
マレーシア文化ナイト﻿
4月１６日：１０席（開催決定！お申込みはお早めに！）﻿
５月１４日：１５席﻿
６月１１日：１５席﻿
﻿
| 申し込み方法 |﻿
﻿
Masak Masak﻿
・https://forms.gle/kQgdeATYXHJsFYsVA﻿
•電話：03-6261-4147﻿
•インスタ：@masakmasak_tokyo﻿
•メール: masakmasakjp@gmail.com﻿
﻿
マレーシア文化体験したい方は、お気軽に遊びに来てください！﻿
﻿
#マサマサ #MASAKMASAK #マレーシア #家庭料理 #マレーシア料理 #東京グルメ #グルメ #九段下 #市ヶ谷グルメ #市ヶ谷カフェ #九段下カフェ #九段下グルメ #ランチ #ディナー #東京 #レストラン #tokyo #malaysia #malaysiancafes #mycafefood #malaysiafood #coffeeshopvibes #文化交流イベント #イベント #国際交流 #異文化交流 #異文化 #世界 #コラボ",0,03/21/21 11:03 PM,https://www.instagram.com/p/CMtifgMHaC4/,IG Carousel,,Lifetime,2081,1595,13,4,0,113,0,12
17937635983475962,17841431992541162,masakmasak_tokyo,MASAK MASAK (マサ マサ),"お客さま各位⁠
⁠
平素よりMASAK MASAKをご利用いただきまして誠にありがとうございます。⁠
⁠
1月7日(木)に政府より1都3県(東京都・神奈川県・埼玉県・千葉県)へ発表された「緊急事態宣言」とその後の段階的緩和期間およびそれに対する各自治体からの要請に対して、当面の期間下記の通り飲食店の営業時間を変更させていただくことといたしました。⁠
⁠
＜営業時間の変更＞⁠
2021年3月22日（月）～2021年3月31日（水）まで⁠
⁠
午前11時～午後21時（L.O. 午後20時00分）営業いたします⁠
⁠
※アルコール飲料終日提供停止⁠
※営業日でも予告なく休館日とさせていただく場合がございます。何卒ご了承くださいませ。⁠
⁠
新型コロナウィルス感染症拡大の状況、政府・自治体からの要請等により、実施内容や実施期間が変更になる可能性がございます。⁠
⁠
お客さまには大変なご心配とご迷惑をおかけいたしますが、何卒ご理解賜りますようお願いいたします。⁠
⁠
株式会社 MASAK MASAK",0,03/20/21 08:03 PM,https://www.instagram.com/p/CMqm4uXL7qo/,IG Image,,Lifetime,1140,893,0,1,0,20,0,0
17881989443144039,17841431992541162,masakmasak_tokyo,MASAK MASAK (マサ マサ),"『マサマサ』✕『リトルマーライオン』の初コラボイベント「Culture Night (シンガポール・マレーシア文化ナイト)」開催いたします！﻿
﻿
日ごろ味わえない様々な料理を食べて、多様な文化を見て・感じ、２つの国の文化を体験しましょう！﻿
﻿
Attention folks! Masak Masak & Little Merlion is happy to bring you our very first collabaration event, ""Singapore Malaysia Culture Night""!﻿
﻿
The event features a series of Malaysia / Singapore cultural activities including food / DIY experience and more. Get this chance to learn more about our lovely country!﻿
﻿
| Time |﻿
午後7時 – 午後9時﻿
﻿
| Date |﻿
4/16 (金): Malaysia Night (Masak Masak)　﻿
5/02 (日): Singapore Night (Little Merlion)﻿
5/14 (金): Malaysia Night (Masak Masak)　﻿
5/30 (日): Singapore Night (Little Merlion)﻿
6/11 (金): Malaysia Night (Masak Masak)　﻿
6/27 (日): Singapore Night (Little Merlion)﻿
﻿
| 申し込み方法 |﻿
﻿
Little Merlion﻿
•電話：03-6822-7669﻿
•インスタ：@littlemerlion_tokyo﻿
﻿
Masak Masak﻿
・https://forms.gle/kQgdeATYXHJsFYsVA
•電話：03-6261-4147﻿
•インスタ：@masakmasak_tokyo﻿
•メール: masakmasakjp@gmail.com

﻿
※詳しい情報は投稿の写真を確認してください。﻿
※For more detailed information, please check the photos on our Instagram post.﻿
﻿
#マサマサ #MASAKMASAK #マレーシア #家庭料理 #マレーシア料理 #東京グルメ #グルメ #九段下 #市ヶ谷グルメ #市ヶ谷カフェ #九段下カフェ #九段下グルメ #ランチ #ディナー #東京 #レストラン #tokyo #malaysia #malaysiancafes #mycafefood #malaysiafood #coffeeshopvibes #文化交流イベント #イベント #国際交流 #異文化交流 #異文化 #世界 #コラボ﻿",0,03/16/21 03:03 AM,https://www.instagram.com/p/CMeeTV1nKZ-/,IG Carousel,,Lifetime,2186,1655,21,5,0,127,4,15
17981732452348215,17841431992541162,masakmasak_tokyo,MASAK MASAK (マサ マサ),"お花見弁当🌸﻿
﻿
マサマサ大人気メニューのカヤトーストとシフォンケーキを明日から1日中提供致します！﻿
﻿
是非、お花見しながら召し上がってみませんか？﻿
﻿
桜は日本を象徴するお花の一つです！その桜とマレーシアの伝統料理であるカヤトーストの組み合わせはいかがでしょう！﻿
﻿
きっとステキな思い出になることでしょう！

#マサマサ #MASAKMASAK #マレーシア #家庭料理 #マレーシア料理 #東京グルメ #グルメ #九段下 #市ヶ谷グルメ #市ヶ谷カフェ #九段下カフェ #九段下グルメ #ランチ #春 #東京 #レストラン #tokyo #malaysia #malaysiancafes #mycafefood #malaysiafood #coffeeshopvibes
#kayatoast #カヤトースト #pandanchiffoncake #シフォンケーキ  #お花見弁当 #桜 #sakura #spring",0,03/15/21 03:03 AM,https://www.instagram.com/p/CMb6R8KA6rn/,IG Image,,Lifetime,3140,2807,0,2,0,103,1,4
17919520591571747,17841431992541162,masakmasak_tokyo,MASAK MASAK (マサ マサ),"本日はIsrak dan Mikrajというイスラム教は祝うの祭日です。﻿
Nabi Muhammad SAWモハメッド(ムハンマド)が天へ召され、預言者となった日である。﻿
﻿
聖預言者（かれの上に平安あれ）が神の使徒となってから十年目のラジャブ（七月）二十七日の夜、かれはいくつかの神のみしるしを目にした。クルアーンには次の通り述べられている。かれに栄光あれそのしもべを（メッカの）聖なるマスジドからわれが周囲を祝福した至遠の（エルサレムの）マスジドに、夜間、旅をさせた。わが種々のしるしをかれ（ムハンマド）に示すためである。﻿
﻿
本当にかれこそは全聴にして全視であられる。（第一七夜の旅章一節）﻿
この表明によって、神は預言者を、人間として到達しうる最高の精神的高みにまでひき上げられた、この夜、一日五回の礼拝（ソラート）が神によって命じられたのである。「みいつの夜」、イスラーム教徒はクルアーンを読み、礼拝を繰り返し行い、この夜を祝ってすごすのである。﻿
﻿
The holiday is known as the Prophet’s Ascension or the Night Journey. ﻿
﻿
Throughout Malaysia, lights are kept on throughout the night in celebration of Israk and Mikraj. ﻿
﻿
Electric lights and candles are used to illuminate cities. ﻿
Prayers are recited throughout the night as well to recognise Mohammed’s journey. ﻿
Throughout Malaysia, special sermons and ceremonies are held in mosques with readings from the Qur’an, especially from the Suraat al-Isra’ which tells the story of the Night Journey. The observance of the holiday begins at sundown on the day prior.﻿
﻿
The holiday is considered important in the Muslim faith and commemorates one of the most important events in Islamic history. In addition to attending special services on the holiday, families gather and tell the story of Mohammad’s journey to children. Often, the story includes instruction on what it means to be Muslim, how the story relates to their beliefs and additional details about the prophet.﻿
﻿
📸:﻿
・https://www.freepik.com/vectors/islamic"">﻿islamic vector created by freepik - www.freepik.com﻿
・AdlanKhalidi.com﻿
﻿
﻿#マサマサ #MASAKMASAK #マレーシア #家庭料理 #マレーシア料理 #東京グルメ #グルメ #九段下 #市ヶ谷グルメ #市ヶ谷カフェ #九段下カフェ #九段下グルメ #ランチ #ディナー #東京 #レストラン #tokyo #festival  #festivalseason #malaysia #cultures #travel",0,03/11/21 02:03 AM,https://www.instagram.com/p/CMRnEb4nfB-/,IG Carousel,,Lifetime,1285,977,0,0,0,48,0,1
18103230301210797,17841431992541162,masakmasak_tokyo,MASAK MASAK (マサ マサ),"お客さま各位⁠
⁠
平素よりMASAK MASAKをご利用いただきまして誠にありがとうございます。⁠
⁠
1月7日(木)に政府より1都3県(東京都・神奈川県・埼玉県・千葉県)へ発表された「緊急事態宣言」およびそれに対する各自治体からの要請に対して、当面の期間下記の通り飲食店の営業時間を変更させていただくことといたしました。⁠
⁠
＜営業時間の変更＞⁠
2021年1月8日（金）～2021年3月21日（日）まで⁠
⁠
午前11時～午後20時（L.O. 午後19時00分）営業いたします⁠

⁠※アルコール飲料終日提供停止⁠
※営業日でも予告なく休館日とさせていただく場合がございます。何卒ご了承くださいませ。⁠
⁠
新型コロナウィルス感染症拡大の状況、政府・自治体からの要請等により、実施内容や実施期間が変更になる可能性がございます。⁠
⁠
お客さまには大変なご心配とご迷惑をおかけいたしますが、何卒ご理解賜りますようお願いいたします。⁠
⁠
株式会社 MASAK MASAK",0,03/06/21 05:03 PM,https://www.instagram.com/p/CMGSpk-nh4p/,IG Image,,Lifetime,1031,866,0,1,0,28,0,0
17947174303433467,17841431992541162,masakmasak_tokyo,MASAK MASAK (マサ マサ),"「冬限定メニュー」、レイチャ！﻿
﻿
ご好評につき、レイチャの販売は4月末まで延長することといたしましたのでお知らせいたします。﻿
﻿
ぜひこの機会にレイチャを食べてみてください！﻿
﻿
﻿
Winter Limited Menu EXTENDED!﻿
﻿
Due to popular demand, our winter limited menu, Leicha（擂茶） has been extended until the end of April!﻿
﻿
#MASAKMASAK #マレーシア #家庭料理 #マレーシア料理 #東京グルメ #グルメ #九段下 #市ヶ谷 #ランチ #ディナー #東京 #レストラン #tokyo #malaysia #料理 #winter #冬 #擂茶 #thundertea #レイチャ #お茶 #ハーブ #hakka #客家 #野菜",0,03/05/21 02:03 AM,https://www.instagram.com/p/CMCKUU7MalQ/,IG Image,,Lifetime,2137,1860,4,0,0,167,3,18
17912320708624750,17841431992541162,masakmasak_tokyo,MASAK MASAK (マサ マサ),"【3月の定休日】﻿⁠
﻿⁠
MASAK MASAKでは定休日を毎週日曜日、祝日と毎１、３月曜日とさせて頂きます。﻿⁠
﻿⁠
｜3月の定休日｜﻿﻿⁠
・3/1（月）﻿﻿⁠
・3/7（日）﻿﻿⁠
・3/14（日）﻿﻿⁠
・3/15（月）﻿﻿⁠
・3/20（土）﻿﻿⁠
・3/21（日）﻿﻿⁠
・3/28﻿﻿（日）⁠
⁠
お客様に安心してご来店いただけるよう、ディナー（１８時～２０時）は予約制とさせていただきます。よろしくお願いいたします。﻿⁠
﻿⁠
Hi,everyone.﻿⁠
﻿﻿⁠
MASAK MASAK is closed on every Sunday,1st & 3rd Monday.﻿⁠
﻿⁠
﻿|March's Regular Holiday|﻿﻿⁠
・3/1（Mon）﻿﻿⁠
・3/7（Sun）﻿﻿⁠
・3/14（Sun）﻿﻿⁠
・3/15（Mon）﻿﻿⁠
・3/20（Sat）﻿﻿⁠
・3/21（Sun）﻿﻿⁠⁠
・3/28﻿﻿（Sun）⁠
﻿⁠⁠
Please note dinner reservation (1800 – 2000) is recommended. Bookings can be accepted via both social media and phone call. We greatly appreciate your cooperation.﻿⁠
﻿⁠
#MASAKMASAK #マレーシア #家庭料理 #マレーシア料理 #東京グルメ #グルメ #九段下 #市ヶ谷 #ランチ #ディナー #東京 #レストラン #tokyo #malaysia #料理 #食文化 #3月 #休み #営業日",0,02/28/21 02:02 AM,https://www.instagram.com/p/CL1O4_Ggp7L/,IG Image,,Lifetime,1075,895,0,0,0,40,0,1
18198630283027317,17841431992541162,masakmasak_tokyo,MASAK MASAK (マサ マサ),"「MASAK MASAK グッズ」
.
トートバック﻿
﻿
マレーシア代表的な食べ物、ナシレマッ！デザインにしましたトートバックです。とてもシンプルなのでで、気軽いにお持ちいただけます！﻿
﻿
幅：40cm　高さ：30cm　マチ：10cm﻿
﻿.
タンブラーバッグ﻿
﻿
テータリックと言うマレーシアのミルクティーで、紅茶を注ぐ際の引く動作をタンブラーバッグのデザインにしました！﻿
﻿﻿
幅：18cm　高さ：16cm　マチ：8cm﻿

※現時点は店頭販売のみ
.

#マサマサ #MASAKMASAK #マレーシア #家庭料理 #マレーシア料理 #東京グルメ #グルメ #九段下 #市ヶ谷グルメ #市ヶ谷カフェ #九段下カフェ #九段下グルメ #ランチ #ディナー #東京 #レストラン #tokyo #malaysia　#malaysiancafes #mycafefood #malaysiafood #coffeeshopvibes  #トートバッグ #タンブラーバッグ #bag #totebag #tumblerbag #tumbler",0,02/27/21 12:02 AM,https://www.instagram.com/p/CLyhYwtns1A/,IG Carousel,,Lifetime,2080,1698,5,2,0,115,2,7
17937327733461426,17841431992541162,masakmasak_tokyo,MASAK MASAK (マサ マサ),"本日はいよいよ春節を締めくくる、「元宵節」にあたります。
国ごとに違う祭事があるのが、マレーシア独特のお祝い事でもありますね。
この日は川や池に独身の男女が集まります。
.
女性が名前や連絡先を書いてミカンを水に投げ入れると、
拾った男性が興味あれば、その女性に連絡するという縁結びの伝統行事が行われています。
.
このきっかけにカップルも誕生するかもね～(｡･ω･｡)ﾉ♡
.
#マサマサ #MASAKMASAK #マレーシア #家庭料理 #マレーシア料理 #東京グルメ #グルメ #九段下 #市ヶ谷グルメ #市ヶ谷カフェ #九段下カフェ #九段下グルメ #ランチ #ディナー #東京 #レストラン #tokyo #malaysia #malaysiancafes #mycafefood #malaysiafood #coffeeshopvibes #冬 #春節 #元宵節 #ChineseNewYear #旧正月 #CNY #馬來西亞",0,02/26/21 06:02 AM,https://www.instagram.com/p/CLwk0Zsnaga/,IG Image,,Lifetime,2507,2255,7,1,0,82,0,1
17912229787628699,17841431992541162,masakmasak_tokyo,MASAK MASAK (マサ マサ),"It's official: We are incredibly excited to reveal that Little Merlion & Masak Masak as official restaurant partners. ﻿
Working together, we have great expectations that we will be able to further promote Malaysia / Singapore food culture to more people staying in Tokyo. Something BIG is coming soon! 😊
﻿
『マサマサ』✕『リトルマーライオン』とのコラボ開始！﻿
﻿
#マサマサ #MASAKMASAK #マレーシア #家庭料理 #マレーシア料理 #東京グルメ #グルメ #九段下 #市ヶ谷グルメ #市ヶ谷カフェ #九段下カフェ #九段下グルメ #ランチ #ディナー #東京 #レストラン #tokyo #malaysia　#malaysiancafes #mycafefood #malaysiafood ﻿#coffeeshopvibes #singapore #シンガポール #コラボ #企画 #イベント #event #collaboration",0,02/25/21 03:02 AM,https://www.instagram.com/p/CLtsNOGlpWn/,IG Image,,Lifetime,4738,4299,6,7,0,232,5,2
17880091814137027,17841431992541162,masakmasak_tokyo,MASAK MASAK (マサ マサ),"【春節あるある④：倒福】

春節の際に日本では見たことない装飾が目を引きますね。
その中で目立っているのが「福」の字をあえて逆さまに貼られています。
ではなぜか、どれもが上下逆さまに貼られていますか？

「倒福」は「到福」と同じ発音であることから、
逆さまになった「福」は「福がやってくる」
というような意味合いで「倒福」と言われています。

「倒福」のおかげさまで、
マサマサも良き新年を迎えることができました！

お店を訪ねて「倒福」を見つけたら、
皆さんにも「福」が訪れるるかもしれませんよ。

では、皆様にも福がたくさん訪れますように～
#マサマサ #MASAKMASAK #マレーシア #家庭料理 #マレーシア料理 #東京グルメ #グルメ #九段下 #市ヶ谷グルメ #市ヶ谷カフェ #九段下カフェ #九段下グルメ #ランチ #ディナー #東京 #レストラン #tokyo #malaysia #malaysiancafes　#mycafefood #malaysiafood #coffeeshopvibes  #冬 #春節 #ChineseNewYear #年餅 #限定 #旧正月 #CNY #馬來西亞",0,02/19/21 02:02 AM,https://www.instagram.com/p/CLeHH5Osdwq/,IG Image,,Lifetime,2181,1925,0,0,0,86,2,0
17906032972657498,17841431992541162,masakmasak_tokyo,MASAK MASAK (マサ マサ),"MASAK MASAKです！⁠
⁠
2021年「春節限定年餅」予約完売のお知らせです。⁠
予定数量に達した為、ご予約を終了します。⁠
ご予約いただいた皆様、誠にありがとうございます。⁠
⁠
#マサマサ #MASAKMASAK #マレーシア #家庭料理 #マレーシア料理 #東京グルメ #グルメ #九段下 #市ヶ谷グルメ #市ヶ谷カフェ #九段下カフェ #九段下グルメ #ランチ #ディナー #東京 #レストラン #tokyo #malaysia #malaysiancafes　#mycafefood #malaysiafood #coffeeshopvibes #winter #冬 #春節 #ChineseNewYear #年餅 #限定 #旧正月 #馬來西亞",0,02/17/21 02:02 AM,https://www.instagram.com/p/CLY9iHIMGhE/,IG Image,,Lifetime,1726,1584,0,0,0,85,0,1
18193912312035249,17841431992541162,masakmasak_tokyo,MASAK MASAK (マサ マサ),"【春節あるある②：春節の挨拶】⁠
⁠
15日間にわたる春節の期間は、最も大切な祝日です。⁠
家の掃除と新しい服を着て、春の活気に満ちた新たな始まりを祝います。⁠
⁠
新しい年をめでたく迎えると誰もが新年の挨拶を交わす時に使える春節の挨拶フレーズをご紹介します。⁠
⁠
誰に対しても使える定番なので、ぜひマスターしましょう！⁠
⁠
「新年快楽」ー（シン　ニィェン　クァィ　ラ）⁠
⁠
最もよく使われている新年の挨拶、直訳すると「新年を楽しく過ごすよう、お祈りします」。⁠
⁠
「新年」の発音は日本語と同じなので問題がないと思いますが、⁠
後半「快楽」はちょっと聞きなれなく、はじめのうちは難しいなので、練習しておきましょう！⁠
⁠
春節を迎える前に簡単な挨拶を覚えて、⁠
マサマサのスタッフに笑顔で「新年快楽」を伝えてみてね～★⁠
#マサマサ #MASAKMASAK #マレーシア #家庭料理 #マレーシア料理 #東京グルメ #グルメ #九段下 #市ヶ谷グルメ #市ヶ谷カフェ #九段下カフェ #九段下グルメ #ランチ #ディナー #東京 #レストラン #tokyo #malaysia #malaysiancafes #mycafefood #malaysiafood #春節 #ChineseNewYear #恭喜發財 #gongxifacai #旧正月 #CNY #華人新年 #馬來西亞 #初一",0,02/11/21 06:02 PM,https://www.instagram.com/p/CLLLPPYLPZ7/,IG Image,,Lifetime,2822,2538,1,0,0,162,3,1
18129548551167571,17841431992541162,masakmasak_tokyo,MASAK MASAK (マサ マサ),"【春節あるある③：団円飯】
.
とうとう大晦日がやってきた！
.
この日に一番重要な行事は『団円飯』です。
.
家族だけでなく、親戚も集まって一家団らんの願いが込められている食事する。
食事をともにすることで、人とのつながりや絆を深めることを大切にしている。
.
本日は「団円飯」を用意し、ご来店いただきまして本当にありがとうございました！",0,02/11/21 03:02 AM,https://www.instagram.com/p/CLJqrzGHFQ9/,IG Carousel,,Lifetime,1484,1185,2,1,0,89,1,1
17893824118896329,17841431992541162,masakmasak_tokyo,MASAK MASAK (マサ マサ),"【春節あるある】⁠
⁠
2月12日は「春節」ですが、お祝いのときに花火や爆竹を派手に鳴らす風習があります。⁠
そんな風習がいつから始まったのか、ご存知ですか？⁠
⁠
そのため、本日は「年獸」について、説明いたします！⁠
⁠
#マサマサ #MASAKMASAK #マレーシア #家庭料理 #マレーシア料理 #東京グルメ #グルメ #九段下 #市ヶ谷グルメ #市ヶ谷カフェ #九段下カフェ #九段下グルメ #ランチ #ディナー #東京 #レストラン #tokyo #malaysia #malaysiancafes　#mycafefood #malaysiafood #coffeeshopvibes #年獸 #春節 #ChineseNewYear #丑年 #CNY #華人新年 #馬來西亞 #Nian",0,02/10/21 02:02 AM,https://www.instagram.com/p/CLG-t6iHRlw/,IG Carousel,,Lifetime,1272,1044,2,0,0,73,0,3
18137439142181870,17841431992541162,masakmasak_tokyo,MASAK MASAK (マサ マサ),"「春節あるある」⁠
⁠
前回魚生（イーサン）の意味が話しました。⁠
今回その中で縁起を担ぐ食材と食べ方を話しましょう！⁠
⁠
今年はマサマサで魚生を体験しませんか？⁠
⁠
#マサマサ #MASAKMASAK #マレーシア #家庭料理 #マレーシア料理 #東京グルメ #グルメ #九段下 #市ヶ谷グルメ #市ヶ谷カフェ #九段下カフェ #九段下グルメ #ランチ #ディナー #東京 #レストラン #tokyo #malaysia #malaysiancafes　#mycafefood #malaysiafood #coffeeshopvibes #winter #冬 #春節 #ChineseNewYear #鱼生 #捞生 #華人新年 #馬來西亞",0,02/09/21 02:02 AM,https://www.instagram.com/p/CLEXK5qg7og/,IG Image,,Lifetime,1077,940,4,0,0,53,0,2
17896230031791027,17841431992541162,masakmasak_tokyo,MASAK MASAK (マサ マサ),"「春節あるある」⁠
⁠
マレーシアに欠かせない春節料理の「魚生」とは？⁠
⁠
#マサマサ #MASAKMASAK #マレーシア #家庭料理 #マレーシア料理 #東京グルメ #グルメ #九段下 #市ヶ谷グルメ #市ヶ谷カフェ #九段下カフェ #九段下グルメ #ランチ #ディナー #東京 #レストラン #tokyo #malaysia #malaysiancafes　#mycafefood #malaysiafood #coffeeshopvibes #winter #冬 #春節 #ChineseNewYear #鱼生 #捞生 #華人新年 #馬來西亞",0,02/08/21 02:02 AM,https://www.instagram.com/p/CLByY2VgAkK/,IG Image,,Lifetime,1684,1476,0,0,0,69,0,3
18159134140100580,17841431992541162,masakmasak_tokyo,MASAK MASAK (マサ マサ),"お客さま各位⁠
.⁠
平素よりMASAK MASAKをご利用いただきまして誠にありがとうございます。⁠
.⁠
1月7日(木)に政府より1都3県(東京都・神奈川県・埼玉県・千葉県)へ発表された「緊急事態宣言」およびそれに対する各自治体からの要請に対して、当面の期間下記の通り飲食店の営業時間を変更させていただくことといたしました。⁠
.⁠
＜営業時間の変更＞⁠
2021年1月8日（金）～2021年3月7日（日）まで⁠
.⁠
午前11時～午後20時（L.O. 午後19時30分）営業いたします⁠（アルコール提供：午後19時00分まで）⁠
.⁠
※営業日でも予告なく休館日とさせていただく場合がございます。何卒ご了承くださいませ。⁠
.⁠
新型コロナウィルス感染症拡大の状況、政府・自治体からの要請等により、実施内容や実施期間が変更になる可能性がございます。⁠
.⁠
お客さまには大変なご心配とご迷惑をおかけいたしますが、何卒ご理解賜りますようお願いいたします。⁠
.⁠
株式会社 MASAK MASAK",0,02/07/21 05:02 PM,https://www.instagram.com/p/CLAzbSYBtEm/,IG Image,,Lifetime,854,730,0,0,0,22,0,0
18144400189137695,17841431992541162,masakmasak_tokyo,MASAK MASAK (マサ マサ),"「春節あるある①」⁠
「８」って？なぜ中華系の人々が好きですか？⁠
今回の投稿で解答致します！⁠
⁠
#マサマサ #MASAKMASAK #マレーシア #家庭料理 #マレーシア料理 #東京グルメ #グルメ #九段下 #市ヶ谷グルメ #市ヶ谷カフェ #九段下カフェ #九段下グルメ #ランチ #ディナー #東京 #レストラン #tokyo #malaysia #$ #お金 #malaysiafood #coffeeshopvibes ##winter #冬 #春節 #ChineseNewYear  #旧正月 #CNY #華人新年 #8",0,02/06/21 02:02 AM,https://www.instagram.com/p/CK8oybaA1x0/,IG Image,,Lifetime,1194,1038,0,1,0,62,2,1
17881547201034575,17841431992541162,masakmasak_tokyo,MASAK MASAK (マサ マサ),"【春節のお菓子】⁠
春節の時なんでお菓子を食べますか？⁠
⁠
よくある話は、神仏と祖先を祀ることからなってくると考えられていますね。⁠
春節の時に、「一年のお世話になったのを感謝し、今年もよろしくお願いしますように」ということで神様と祖先に捧げるため、家族ごとにお料理、年餅と様々なお菓子を用意します。⁠
祀った食べ物も縁起の良い物と信じられているので、よく家族みんなで食べて春節を過ごします。⁠
⁠
今年、マサマサからザクザク「春巻きのシュガースナック」と「海苔春巻き」２種類限定お菓子のご予約絶賛承中！⁠
東京でちょっとマレーシアの春節気分を味わえたい方々が是非！⁠
⁠
春捲糖酥饼（春巻きのシュガースナック）⁠￥６８８⁠

香脆紫菜酥卷（海苔春巻き）⁠￥８８８⁠

２種類買うと、特別割引提供中！⁠
⁠
#MASAKMASAK #マレーシア #家庭料理 #マレーシア料理 #東京グルメ #グルメ #九段下 #市ヶ谷 #ランチ #ディナー #東京 #レストラン #tokyo #malaysia #料理 #winter #冬 #春節 #ChineseNewYear #年餅 #限定 #旧正月 #CNY #華人新年 #馬來西亞 #年夜飯 #おうちカフェ #おうちcafe #除夕 #おうち旧正月",0,02/04/21 06:02 PM,https://www.instagram.com/p/CK5KiX7H4bx/,IG Carousel,,Lifetime,1748,1380,6,2,0,119,6,18
17895553924793357,17841431992541162,masakmasak_tokyo,MASAK MASAK (マサ マサ),"【マレーシア昔遊び③】⁠
⁠
本日はマレーシアの昔遊び、Ceperについて紹介いたします！⁠
興味があったら、ぜひやってみてください～⁠
﻿⁠
#マサマサ #MASAKMASAK #マレーシア #家庭料理 #マレーシア料理 #東京グルメ #グルメ #九段下 #市ヶ谷グルメ #市ヶ谷カフェ #九段下カフェ #九段下グルメ #ランチ #ディナー #東京 #レストラン #tokyo #malaysia #malaysiancafes #mycafefood #malaysiafood #coffeeshopvibes #昔遊び #昔 #ビン蓋のおはじき #Ceper",0,02/04/21 02:02 AM,https://www.instagram.com/p/CK3fbcanNHF/,IG Carousel,,Lifetime,1295,1010,1,0,0,47,0,1
17931271972477728,17841431992541162,masakmasak_tokyo,MASAK MASAK (マサ マサ),"マレーシア本場のスパイスの味を日本の皆さん伝えたいという思いがあり、MASAK MASAKの店長は現地でその味を再現して参りました。⁠
⁠
#マサマサ #MASAKMASAK #マレーシア #家庭料理 #マレーシア料理 #東京グルメ #グルメ #九段下 #市ヶ谷グルメ #市ヶ谷カフェ #九段下カフェ #九段下グルメ #ランチ #ディナー #東京 #レストラン #tokyo #malaysia #malaysiancafes #mycafefood #malaysiafood #coffeeshopvibes  #本番の味 #調味料 #カレー #スパイス",0,02/03/21 02:02 AM,https://www.instagram.com/p/CK08eTvApTF/,IG Image,,Lifetime,1880,1704,0,1,0,79,0,1
17862151577377404,17841431992541162,masakmasak_tokyo,MASAK MASAK (マサ マサ),"本日は「擂茶」の由来について紹介します！⁠
⁠
#MASAKMASAK #マレーシア #家庭料理 #マレーシア料理 #東京グルメ #グルメ #九段下 #市ヶ谷 #ランチ #ディナー #東京 #レストラン #tokyo #malaysia #料理 #winter #冬 #擂茶 #thundertea #レイチャ #お茶 #ハーブ #hakka #客家 #野菜⁠
⁠",0,02/01/21 02:02 AM,https://www.instagram.com/p/CKv0LQqHlgB/,IG Carousel,,Lifetime,1258,1001,0,0,0,77,2,2
17872407242232441,17841431992541162,masakmasak_tokyo,MASAK MASAK (マサ マサ),"【2月の定休日】﻿⁠
﻿⁠
MASAK MASAKでは定休日を毎週日曜日、祝日と毎１、３月曜日とさせて頂きます。﻿⁠
﻿⁠
｜2月の定休日｜﻿﻿⁠
・2/1（月）﻿﻿⁠
・2/7（日）﻿﻿⁠
・2/14（日）﻿﻿⁠
・2/15（月）﻿﻿⁠
・2/21（日）﻿﻿⁠
・2/23（火）⁠
・2/28﻿﻿（日）⁠
﻿⁠
2/11（木） は春節のため、特別営業致します！⁠
⁠
お客様に安心してご来店いただけるよう、ディナー（１８時～２０時）は予約制とさせていただきます。よろしくお願いいたします。﻿⁠
﻿⁠
Hi,everyone.﻿⁠
﻿﻿⁠
MASAK MASAK is closed on every Sunday,1st & 3rd Monday.﻿⁠
﻿⁠
﻿|February's Regular Holiday|﻿﻿⁠
・2/1（Mon）﻿﻿⁠
・2/7（Sun）﻿﻿⁠
・2/14（Sun）﻿﻿⁠
・2/15（Mon）﻿﻿⁠
・2/21（Sun）﻿﻿⁠
・2/23（Tue）⁠
・2/28﻿﻿（Sun）⁠
﻿⁠
Because of Chinese New Year, we will open on 2/11(Thu) too!⁠
⁠
Please note dinner reservation (1800 – 2000) is recommended. Bookings can be accepted via both social media and phone call. We greatly appreciate your cooperation.﻿⁠
﻿⁠
#MASAKMASAK #マレーシア #家庭料理 #マレーシア料理 #東京グルメ #グルメ #九段下 #市ヶ谷 #ランチ #ディナー #東京 #レストラン #tokyo #malaysia #料理 #食文化 #2月 #休み #営業日",0,01/30/21 07:01 PM,https://www.instagram.com/p/CKsYiKRrNdI/,IG Image,,Lifetime,879,728,0,0,0,23,0,0
17904631492674758,17841431992541162,masakmasak_tokyo,MASAK MASAK (マサ マサ),"こんばんは〜今日はヒンドゥ教のお祭りタイプーサムの日です！⁠
⁠
タイプーサムとはヒンズー教徒にとってディパバリと並んでとても重要なお祭りであり、敬虔なヒンズー教徒が苦行をすることで、神々への感謝を表す。⁠
⁠
ただし、タイプーサムの苦行は危険を伴うため、他の国々では禁止されているが、マレーシアとシンガポールでのみ盛大に祝われている。⁠
⁠
Happy Thaipusam! ハッピータイプサム！",0,01/28/21 02:01 AM,https://www.instagram.com/p/CKlaRjtgU_U/,IG Image,,Lifetime,922,782,0,0,0,57,1,0
17870104049273636,17841431992541162,masakmasak_tokyo,MASAK MASAK (マサ マサ),"新ティフィン料理開発中...⁠
⁠
New Tiffin Dishes in progress...⁠
⁠
Tiffin新料理研發中...",0,01/27/21 02:01 AM,https://www.instagram.com/p/CKi1fPSASzs/,IG Image,,Lifetime,893,750,0,0,0,46,1,0
17882789894032987,17841431992541162,masakmasak_tokyo,MASAK MASAK (マサ マサ),"「魚生 (イーサン)」⁠
⁠
縁起を込められた色鮮やかな食材を、⁠
親しい人々と箸で高く持ち上げ、⁠
祝いを言いながら落として混ぜていく⁠
マレーシアの旧正月には欠かせない料理。⁠
⁠
￥2688（3-4人分）⁠
⁠
ご予約も
お電話☎️
DM✉️
にて承っております。

ご予約締切日：2021年2月18日(木) 午前11時まで⁠
⁠
イートイン／テイクアウト期間：2021年2月11日(木)～2月20日(土)⁠
⁠
#MASAKMASAK #マレーシア #家庭料理 #マレーシア料理 #東京グルメ #グルメ #九段下 #市ヶ谷 #ランチ #ディナー #東京 #レストラン #tokyo #malaysia #料理 #winter #冬 #春節 #ChineseNewYear #年餅 #限定 #旧正月 #CNY #華人新年 #馬來西亞 #年夜飯 #おうちカフェ #food  #除夕",0,01/26/21 02:01 AM,https://www.instagram.com/p/CKgWmPnnuga/,IG Carousel,,Lifetime,1527,1223,10,1,0,118,1,10
17874003164133950,17841431992541162,masakmasak_tokyo,MASAK MASAK (マサ マサ),"「春節限定年餅」⁠
⁠
春巻きの皮でくるくると細長い筒状に巻かれた定番おやつ、旧正月気分で盛り上がろう♪⁠
⁠
春捲糖酥饼（春巻きのシュガースナック）⁠
グラニュー糖とまぶして、サックサク食感がたまらない！⁠
￥６８８⁠
⁠
香脆紫菜酥卷（海苔春巻き）⁠
パリパリで香ばしい春巻きの中には、海苔に巻かれた油で揚げると出来あがり。食感ｘ香り絶妙な組み合わせ！⁠
￥８８８⁠
⁠
ご予約も
お電話☎️
DM✉️
にて承っております。

お気軽にお待ちしています！
ご予約締切日：2021年2月18日(木) 午前11時まで⁠
⁠
お渡し期間：2021年1月27日(水) ~2月20日(土)⁠
⁠
２種類買うと、特別割引提供中！
⁠
#MASAKMASAK #マレーシア #家庭料理 #マレーシア料理 #東京グルメ #グルメ #九段下 #市ヶ谷 #ランチ #ディナー #東京 #レストラン #tokyo #malaysia #料理 #winter #冬 #春節 #ChineseNewYear #年餅 #限定 #旧正月 #CNY #華人新年 #馬來西亞 #年夜飯 #おうちカフェ #おうちcafe  #除夕 #おうち旧正月",0,01/25/21 02:01 AM,https://www.instagram.com/p/CKdvbe4HvXQ/,IG Carousel,,Lifetime,1772,1436,4,1,0,140,8,12
17904300961667516,17841431992541162,masakmasak_tokyo,MASAK MASAK (マサ マサ),"1.sudu・スヅ・spoon﻿
Sudu は日本語のスプーンである。﻿
食品や薬品をすくい取ったり、混ぜたり、量ったり、潰したりする道具のこと。主に、料理を食べるときの食器として使われる。匙（さじ）ともいう。﻿
﻿
2.garpu ・ガプ・fork﻿
Garpu は日本語のフォークである。﻿
先端部が分かれて櫛状になった飲食用・調理用の器具。たいてい3つ又か4つ又になっている。﻿
﻿
#MASAKMASAK #マレーシア #家庭料理 #マレーシア料理 #東京グルメ #グルメ #九段下 #市ヶ谷 #ランチ #ディナー #東京 #レストラン #tokyo #malaysia #sudu #garpu #spoon #fork #malay #マレー語 #スプーン #フォーク",0,01/21/21 02:01 AM,https://www.instagram.com/p/CKTZK-nHYbk/,IG Carousel,,Lifetime,1256,974,4,0,0,48,0,1
18069659410251538,17841431992541162,masakmasak_tokyo,MASAK MASAK (マサ マサ),"【マレーシア観光地スポット】﻿﻿
﻿﻿
マレーシアでも最も大切な歴史遺産では、地元の人が「エーファモサ」と呼ぶ観光スポット！﻿
﻿
国内はもちろん、海外からの観光者もマレーシアのマラッカに来たら必ず立ち寄る観光地です。﻿
﻿
ポルトガルはマラッカを植民化するとき、「エーファモサ」を築いた。﻿
﻿
その時、ポルトガルは、マラッカを占領し、サンチャゴ砦を建築した。
.
ぜひ訪れてくださいまさせ~
﻿.
#MASAKMASAK #マレーシア #家庭料理 #マレーシア料理 #東京グルメ #グルメ #九段下 #市ヶ谷 #ランチ #ディナー #東京 #レストラン #tokyo #malaysia #afamosa #エーファモサ #オススメ #観光地 #ポルトガル #観光スポット #マレーシア観光地",0,01/19/21 01:01 AM,https://www.instagram.com/p/CKOMa2mnPta/,IG Image,,Lifetime,994,843,1,0,0,59,1,2
17917693345533449,17841431992541162,masakmasak_tokyo,MASAK MASAK (マサ マサ),"【レイチャ•擂茶】

本日は冬限定メニュー、レイチャの食べ方を教えていたします！
.
#MASAKMASAK #マレーシア #家庭料理 #マレーシア料理 #東京グルメ #グルメ #九段下 #市ヶ谷 #ランチ #ディナー #東京 #レストラン #tokyo #malaysia #料理 #winter #冬 #擂茶 #thundertea #レイチャ #お茶 #ハーブ #hakka #客家 #野菜",0,01/12/21 02:01 AM,https://www.instagram.com/p/CJ8SoaNHRTM/,IG Carousel,,Lifetime,1475,1196,2,0,0,96,5,3
17913855208560401,17841431992541162,masakmasak_tokyo,MASAK MASAK (マサ マサ),"【冬 ❄️限定メニュー】﻿﻿
﻿﻿
１月１２日（火）から、寒い冬にぴったりな「レイチャ　擂茶」を、季節限定販売する。﻿
﻿
ペパーミント、スイートバジル、コリアンダーなどのハーブペーストを溶かしたお茶を、野菜をトッピングしたご飯にかけた、栄養補給ができるあっさりマレーシア客家系の中華お茶漬け料理。﻿
﻿
体も喜ぶ免疫力アップ［レイチャ　擂茶］を、ぜひ味わってみてくださいね。﻿
﻿
Our winter menu, thunder tea rice will start to sell on January 12th! A Hakka traditional rice dish topped with vegetables and original made tea soup! Visit us and give it a try!﻿
﻿
#MASAKMASAK #マレーシア #家庭料理 #マレーシア料理 #東京グルメ #グルメ #九段下 #市ヶ谷 #ランチ #ディナー #東京 #レストラン #tokyo #malaysia #料理 #winter #冬 #擂茶 #thundertea #レイチャ #お茶 #ハーブ #hakka #客家 #野菜",0,01/10/21 12:01 AM,https://www.instagram.com/p/CJ26mPqHAg9/,IG Image,,Lifetime,3756,3391,18,3,0,209,14,27
17855967872455986,17841431992541162,masakmasak_tokyo,MASAK MASAK (マサ マサ),"お客さま各位
.
平素よりMASAK MASAKをご利用いただきまして誠にありがとうございます。
.
1月7日(木)に政府より1都3県(東京都・神奈川県・埼玉県・千葉県)へ発表された「緊急事態宣言」およびそれに対する各自治体からの要請に対して、当面の期間下記の通り飲食店の営業時間を変更させていただくことといたしました。
.
＜営業時間の変更＞
2021年1月8日（金）～2021年2月8日（月）まで
.
午前11時～午後20時（L.O. 午後19時30分）営業いたします
.
※営業日でも予告なく休館日とさせていただく場合がございます。何卒ご了承くださいませ。
.
新型コロナウィルス感染症拡大の状況、政府・自治体からの要請等により、実施内容や実施期間が変更になる可能性がございます。
.
お客さまには大変なご心配とご迷惑をおかけいたしますが、何卒ご理解賜りますようお願いいたします。
.
株式会社 MASAK MASAK",0,01/08/21 05:01 AM,https://www.instagram.com/p/CJyQA98HVJC/,IG Image,,Lifetime,1158,926,0,0,0,31,0,0
17867846894276178,17841431992541162,masakmasak_tokyo,MASAK MASAK (マサ マサ),"【ナシゴレン・カンポン】﻿
﻿.
秋限定メニューでしたナシゴレン・ｶﾝﾎﾟﾝは1月9日まで、終了となります😀﻿
﻿.
来週から冬限定の新メニューが始まります。﻿
それは、〇〇です！楽しみにお待ち下さい！﻿
﻿.
Our Autumn limited menu, Nasi Goreng Kampung will be end soon! Grab a taste of this dishes before this 1/9!😀﻿
﻿.
We will launch our winter menu in next week! Stay Tuned~🥰﻿
﻿.
#MASAKMASAK #マレーシア #家庭料理 #マレーシア料理 #東京グルメ #グルメ #九段下 #市ヶ谷 #ランチ #ディナー #東京 #レストラン #tokyo #malaysia #料理 #winter #冬 #ナシゴレン #カンポン #rice #nasigorengkampung #米 #限定メニュー #メニュー",0,01/07/21 02:01 AM,https://www.instagram.com/p/CJvXkk7nsc2/,IG Image,,Lifetime,2111,1882,4,0,0,118,1,9
17891599915820789,17841431992541162,masakmasak_tokyo,MASAK MASAK (マサ マサ),"【1月の定休日】﻿
﻿
MASAK MASAKでは定休日を毎週日曜日、祝日と毎１、３月曜日とさせて頂きます。﻿
﻿
｜1月の定休日｜﻿﻿
・1/10（日）﻿﻿
・1/11（月）﻿﻿
・1/17（日）﻿﻿
・1/18（月）﻿﻿
・1/24（日）﻿﻿
・1/31（日）﻿﻿
﻿
お客様に安心してご来店いただけるよう、ディナー（１８時～２２時）は予約制とさせていただきます。よろしくお願いいたします。﻿
﻿
Hi,everyone.﻿
﻿﻿
MASAK MASAK is closed on every Sunday,1st & 3rd Monday.﻿
﻿
﻿|January's Regular Holiday|﻿﻿
・1/10（Sun）﻿﻿
・1/11（Mon）﻿
・1/17（Sun）﻿﻿
・1/18（Mon）﻿﻿
・1/24（Sun）﻿﻿
・1/31（Sun）﻿﻿
﻿
Please note dinner reservation (1800 – 2200) is recommended. Bookings can be accepted via both social media and phone call. We greatly appreciate your cooperation.﻿
﻿
#MASAKMASAK #マレーシア #家庭料理 #マレーシア料理 #東京グルメ #グルメ #九段下 #市ヶ谷 #ランチ #ディナー #東京 #レストラン #tokyo #malaysia #料理 #食文化 #1月 #休み #営業日",0,01/05/21 01:01 AM,https://www.instagram.com/p/CJqLY0aHpHP/,IG Image,,Lifetime,1003,843,0,0,0,29,0,0
17886747845422565,17841431992541162,masakmasak_tokyo,MASAK MASAK (マサ マサ),"【マレーシア独立記念日】⁠
⁠
マレーシア🇲🇾独立記念日（メルデカ　デー）は毎年8月31日に祝われます🎉⁠
�⁠
イギリス🇬🇧の植民地だったマレーシアは、1957年8月31日にイギリスからマレー連邦として独立した日はメルデカ　デーと言われます。⁠
�⁠
2021年の8月31日には第64回のメルデカ　デーですね。�⁠
マレーシアは64歳になりましたよ、Selamat Hari Merdeka!🎊🎉~⁠
⁠
Malaysia Independence Day (also known as MERDEKA Day). Our fellow malaysians will be celebrating this historical event on 31st August of every year with national holiday, parades and fireworks🎆!⁠
⁠
The Federation of Malaya (predecessor to Malaysia) gained independence from British🇬🇧 rule on August 31st, 1957.The sovereignty of our new country has been celebrated and witnessed by over 20,000 people at Merdeka Square in Kuala Lumpur.⁠
⁠
Today is the 64th Merdeka Day of Malaysia, Selamat Hari Merdeka, Dear Malaysia!⁠
⁠
<a href='https://www.freepik.com/vectors/hand-drawn'>Hand drawn vector created by freepik - www.freepik.com</a>⁠
⁠
#MASAKMASAK #マレーシア #家庭料理 #マレーシア料理 #東京グルメ #グルメ #九段下 #市ヶ谷 #ランチ #ディナー #東京 #レストラン #tokyo #malaysia #料理 #restaurant #lunch #malaysiamerdeka #harimerdeka #日本 #japan #merdeka #独立記念日 #マレーシア独立記念日 #independenceday #independence",0,08/31/21 03:08 AM,https://www.instagram.com/p/CTPEiIyt2yi/,IG Image,,Lifetime,887,747,0,0,0,66,0,0
18229326097073505,17841431992541162,masakmasak_tokyo,MASAK MASAK (マサ マサ),"MASAK MASAKでは定休日を毎週日曜日、祝日と毎１、３月曜日とさせて頂きます。⁠
⁠
｜9月の定休日｜⁠
⁠
・9/5（日）⁠
・9/6（月）⁠
・9/12（日）⁠
・9/19（日）⁠
・9/20（月）⁠
・9/23（木）⁠
・9/26（日）⁠
⁠
お客様に安心してご来店いただけるよう、ディナー（17時～20時）は予約制とさせていただきます。よろしくお願いいたします。⁠
⁠
Hi,everyone.⁠
⁠
MASAK MASAK is closed on every Sunday,1st & 3rd Monday.⁠
⁠
| September's Regular Holiday |⁠
・9/5（Sun）⁠
・9/6（Mon）⁠
・9/12（Sun）⁠
・9/19（Sun）⁠
・9/20（Mon）⁠
・9/23（Thu）⁠
・9/26（Sun）⁠
⁠
Please note dinner reservation (1700 – 2100) is recommended. Bookings can be accepted via both social media and phone call. We greatly appreciate your cooperation。",0,08/30/21 03:08 AM,https://www.instagram.com/p/CTMfxCtt38d/,IG Image,,Lifetime,557,461,0,0,0,12,0,1
17898994247234120,17841431992541162,masakmasak_tokyo,MASAK MASAK (マサ マサ),"冰皮月餅が残りわずかとなっておりますので、お買い求めのお客様はお急ぎください！⁡
⁡
ご了承下さいますようお願い申し上げます。⁡
⁡
We only have a few set of snowskin mooncakes left, so hurry up and get yours!⁡
⁡
Thank you for your understanding⁡
-⁡
ミニ冰皮月餅セット🥮（４個⁠入）⁡
𝐌𝐢𝐧𝐢 𝐒𝐧𝐨𝐰𝐬𝐤𝐢𝐧 𝐦𝐨𝐨𝐧𝐜𝐚𝐤𝐞 𝐬𝐞𝐭 🥮(𝟒 𝐟𝐥𝐚𝐯𝐨𝐫)⁡
⁡
▹価格：⁡
・店頭受取: ¥1,845(税込)⁡
・ECサイト(冷凍便): ¥2,050(税込)+送料⁡
⁡
▹内容量： 約45ｇ/個⁠ (直径: 4.2cm 高さ: 2cm)⁡
⁡
▹餡の種類：⁡
❆雪 -蓮の実餡・ 𝐑𝐞𝐝 𝐥𝐨𝐭𝐮𝐬 𝐩𝐚𝐬𝐭𝐞-⁡
すっきりした甘さでほのかな酸味が特徴、伝統の味。⁡
⁡
☘️緑 -抹茶餡・ 𝐌𝐚𝐭𝐜𝐡𝐚 𝐩𝐚𝐬𝐭𝐞-⁡
宇治抹茶を使用。香りが特長、すっきりとした甘さの涼やか特徴。⁡
⁡
𓐍紫 -スイートポテト餡・ 𝐒𝐰𝐞𝐞𝐭 𝐩𝐨𝐭𝐚𝐭𝐨 𝐩𝐚𝐬𝐭𝐞-⁡
秋にほしくなるほくほくの焼き芋味は、特に女性には大人気。⁡
⁡
☕️茶 -オレオチョコ餡・ 𝐎𝐫𝐞𝐨 𝐜𝐡𝐨𝐜𝐨 𝐩𝐚𝐬𝐭𝐞-⁡
オレオのザクザク感を残し、甘さ控えめ濃いチョコ味が特長。⁡
⁡
▹予約詳細⁡
予約はお電話、DM、通販サイトにて承っております。⁡
ご予約締切日： 2021年9月18日(土) 午前12時まで⁡
お渡し期間： 2021年8月21日（土）～ 9月21日（火）⁡
※手作りしていますので、お渡し２日前までにご予約下さい。⁡
⁡
アレルゲン：乳、小麦、落花生、大豆⁡
⁡
#マサマサ #MASAKMASAK #マレーシア #家庭料理 #マレーシア料理 #東京ルメルメ #九段下 #市ヶ谷ルメ #市ヶ谷カフェ #九段下カフェ #九段下グルメー #東京 #レストラン #tokyo #malaysia #mycafefood #malaysiafood #coffeeshopvibes #mooncake #midautumn  #月餅 #げっぺい #スイーツ #冰皮月餅 #中国菓子 #お菓子 #中秋 #festival #節日",0,08/27/21 04:08 PM,https://www.instagram.com/p/CTGJksppWDm/,IG Image,,Lifetime,855,723,0,0,0,53,0,3
17940005467534632,17841431992541162,masakmasak_tokyo,MASAK MASAK (マサ マサ),"大変ありがたいことに、 沢山のご注文をいただいております。 ⁡
⁡
現在ご注文確定後、来週31日頃より順次発送を予定しております。⁡
⁡
ご了承下さいますようお願い申し上げます。⁡
⁡
WE ARE VERY GRATEFUL FOR THE ORDERS WE RECEIVED.⁡
⁡
FOR ANYONE WHO PLACE THEIR ORDER TODAY, WE WILL START SHIPPING FROM NEXT WEEK.⁡
⁡
THANK YOU FOR YOURUNDERSTANDING.⁡
-⁡
ミニ冰皮月餅セット🥮（４個⁠入）⁡
𝐌𝐢𝐧𝐢 𝐒𝐧𝐨𝐰𝐬𝐤𝐢𝐧 𝐦𝐨𝐨𝐧𝐜𝐚𝐤𝐞 𝐬𝐞𝐭 🥮(𝟒 𝐟𝐥𝐚𝐯𝐨𝐫)⁡
⁡
▹価格：⁡
・店頭受取: ¥1,845(税込)⁡
・ECサイト(冷凍便): ¥2,050(税込)+送料⁡
⁡
▹内容量： 約45ｇ/個⁠ (直径: 4.2cm 高さ: 2cm)⁡
⁡
▹餡の種類：⁡
❆雪 -蓮の実餡・ 𝐑𝐞𝐝 𝐥𝐨𝐭𝐮𝐬 𝐩𝐚𝐬𝐭𝐞-⁡
すっきりした甘さでほのかな酸味が特徴、伝統の味。⁡
⁡
☘️緑 -抹茶餡・ 𝐌𝐚𝐭𝐜𝐡𝐚 𝐩𝐚𝐬𝐭𝐞-⁡
宇治抹茶を使用。香りが特長、すっきりとした甘さの涼やか特徴。⁡
⁡
𓐍紫 -スイートポテト餡・ 𝐒𝐰𝐞𝐞𝐭 𝐩𝐨𝐭𝐚𝐭𝐨 𝐩𝐚𝐬𝐭𝐞-⁡
秋にほしくなるほくほくの焼き芋味は、特に女性には大人気。⁡
⁡
☕️茶 -オレオチョコ餡・ 𝐎𝐫𝐞𝐨 𝐜𝐡𝐨𝐜𝐨 𝐩𝐚𝐬𝐭𝐞-⁡
オレオのザクザク感を残し、甘さ控えめ濃いチョコ味が特長。⁡
⁡
▹予約詳細⁡
予約はお電話、DM、通販サイトにて承っております。⁡
ご予約締切日： 2021年9月18日(土) 午前12時まで⁡
お渡し期間： 2021年8月21日（土）～ 9月21日（火）⁡
※手作りしていますので、お渡し２日前までにご予約下さい。⁡
⁡
アレルゲン：乳、小麦、落花生、大豆⁡
⁡
#マサマサ #MASAKMASAK #マレーシア #家庭料理 #マレーシア料理 #東京ルメルメ #九段下 #市ヶ谷ルメ #市ヶ谷カフェ #九段下カフェ #九段下グルメー #東京 #レストラン #tokyo #malaysia #mycafefood #malaysiafood #coffeeshopvibes #mooncake #midautumn  #月餅 #げっぺい #スイーツ #冰皮月餅 #中国菓子 #お菓子 #中秋 #festival #節日",0,08/26/21 01:08 AM,https://www.instagram.com/p/CTB_8BHLTwk/,IG Image,,Lifetime,805,686,0,0,0,53,0,1
17918365525795613,17841431992541162,masakmasak_tokyo,MASAK MASAK (マサ マサ),"ご予約を承っていた方、お待たせいたしました！本日より順次発送させていただきます！
⁡
数に限りがございますので、ご注文はお早めに！
⁡
ミニ冰皮月餅セット🥮（４個⁠入）
𝐌𝐢𝐧𝐢 𝐒𝐧𝐨𝐰𝐬𝐤𝐢𝐧 𝐦𝐨𝐨𝐧𝐜𝐚𝐤𝐞 𝐬𝐞𝐭 🥮(𝟒 𝐟𝐥𝐚𝐯𝐨𝐫)
⁡
▹価格：
・店頭受取: ¥1,845(税込)
・ECサイト(冷凍便): ¥2,050(税込)+送料
⁡
▹内容量： 約45ｇ/個⁠ (直径: 4.2cm 高さ: 2cm)
⁡
▹餡の種類：
❆雪 -蓮の実餡・ 𝐑𝐞𝐝 𝐥𝐨𝐭𝐮𝐬 𝐩𝐚𝐬𝐭𝐞-
すっきりした甘さでほのかな酸味が特徴、伝統の味。
⁡
☘️緑 -抹茶餡・ 𝐌𝐚𝐭𝐜𝐡𝐚 𝐩𝐚𝐬𝐭𝐞-
宇治抹茶を使用。香りが特長、すっきりとした甘さの涼やか特徴。
⁡
𓐍紫 -スイートポテト餡・ 𝐒𝐰𝐞𝐞𝐭 𝐩𝐨𝐭𝐚𝐭𝐨 𝐩𝐚𝐬𝐭𝐞-
秋にほしくなるほくほくの焼き芋味は、特に女性には大人気。
⁡
☕️茶 -オレオチョコ餡・ 𝐎𝐫𝐞𝐨 𝐜𝐡𝐨𝐜𝐨 𝐩𝐚𝐬𝐭𝐞-
オレオのザクザク感を残し、甘さ控えめ濃いチョコ味が特長。
⁡
アレルゲン：乳、小麦、落花生、大豆
⁡
▹予約詳細
予約はお電話、DM、通販サイトにて承っております。
ご予約締切日： 2021年9月18日(土) 午前12時まで
お渡し期間： 2021年8月21日（土）～ 9月21日（火）
※手作りしていますので、お渡し２日前までにご予約下さい。
⁡
#マサマサ #MASAKMASAK #マレーシア #家庭料理 #マレーシア料理 #東京グルメ #グルメ #九段下 #市ヶ谷グルメ #市ヶ谷カフェ #九段下カフェ #九段下グルメー #東京 #レストラン #tokyo #malaysia #mycafefood #malaysiafood #coffeeshopvibes #mooncake #midautumn #月餅 #げっぺい #スイーツ #冰皮月餅 #中国菓子 #お菓子 #中秋 #festival #節日",0,08/24/21 12:08 AM,https://www.instagram.com/p/CS8w-Pdlwp2/,IG Carousel,,Lifetime,1147,840,0,0,0,88,4,3
17885387264404774,17841431992541162,masakmasak_tokyo,MASAK MASAK (マサ マサ),"今年の夏、ぴったりな‟ひんやりカラフルスイーツ” 、「冰皮月餅🥮」（ビーンピーユエビン）のご予約絶賛承中！⁡
⁡
今回マサマサに登場する「冰皮月餅」は、伝統な月餅と違い、油っこさを除き、カラフルで口当たりの良い薄めの生地で甘い餡を包みました。伝統な月餅より、さらりとした食感は涼やかさを感じさせ、夏にぴったりのデザートです。⁡
⁡
さらに！店頭受け取りで**１０％オフ！**⁡
⁠数量限定発売！皆様のご予約をお待ちしております。⁡
⁡
¥2̶0̶5̶0̶ → 店頭価格 ¥1845!!⁡
⁡
フォトジェニックで珍しい「冰皮月餅」を試してみませんか？⁡
⁡
ミニ冰皮月餅セット🥮（４個⁠入）⁡
𝐌𝐢𝐧𝐢 𝐒𝐧𝐨𝐰𝐬𝐤𝐢𝐧 𝐦𝐨𝐨𝐧𝐜𝐚𝐤𝐞 𝐬𝐞𝐭 🥮(𝟒 𝐟𝐥𝐚𝐯𝐨𝐫)⁡
⁡
▹価格：⁡
・店頭受取: ¥1,845(税込)⁡
・ECサイト(冷凍便): ¥2,050(税込)+送料⁡
⁡
▹内容量： 約45ｇ/個⁠ (直径: 4.2cm 高さ: 2cm)⁡
⁡
▹餡の種類：⁡
❆雪 -蓮の実餡・ 𝐑𝐞𝐝 𝐥𝐨𝐭𝐮𝐬 𝐩𝐚𝐬𝐭𝐞-⁡
すっきりした甘さでほのかな酸味が特徴、伝統の味。⁡
⁡
☘️緑 -抹茶餡・ 𝐌𝐚𝐭𝐜𝐡𝐚 𝐩𝐚𝐬𝐭𝐞-⁡
宇治抹茶を使用。香りが特長、すっきりとした甘さの涼やか特徴。⁡
⁡
𓐍紫 -スイートポテト餡・ 𝐒𝐰𝐞𝐞𝐭 𝐩𝐨𝐭𝐚𝐭𝐨 𝐩𝐚𝐬𝐭𝐞-⁡
秋にほしくなるほくほくの焼き芋味は、特に女性には大人気。⁡
⁡
☕️茶 -オレオチョコ餡・ 𝐎𝐫𝐞𝐨 𝐜𝐡𝐨𝐜𝐨 𝐩𝐚𝐬𝐭𝐞-⁡
オレオのザクザク感を残し、甘さ控えめ濃いチョコ味が特長。⁡
⁡
▹予約詳細⁡
予約はお電話、DM、通販サイトにて承っております。⁡
ご予約締切日： 2021年9月18日(土) 午前12時まで⁡
お渡し期間： 2021年8月21日（土）～ 9月21日（火）⁡
※手作りしていますので、お渡し２日前までにご予約下さい。⁡
⁡
アレルゲン：乳、小麦、落花生、大豆⁡
⁡
#マサマサ #MASAKMASAK #マレーシア #家庭料理 #マレーシア料理 #東京ルメルメ #九段下 #市ヶ谷ルメ #市ヶ谷カフェ #九段下カフェ #九段下グルメー #東京 #レストラン #tokyo #malaysia #mycafefood #malaysiafood #coffeeshopvibes #mooncake #midautumn  #月餅 #げっぺい #スイーツ #冰皮月餅 #中国菓子 #お菓子 #中秋 #festival #節日",0,08/21/21 08:08 PM,https://www.instagram.com/p/CS3MpbWL9By/,IG Carousel,,Lifetime,1037,782,0,4,0,57,0,3
17926666366695476,17841431992541162,masakmasak_tokyo,MASAK MASAK (マサ マサ),"お客さま各位⁠⁡
⁠⁡
7月12日(月)に政府より東京都へ発表された「緊急事態宣言」およびそれに対する各自治体からの要請に対して、当面の期間下記の通り飲食店の営業時間を変更させていただくことといたしました。⁠⁡
⁠⁡
＜営業時間の変更＞⁠⁡
2021年7月12日（月）～ 2021年9月12日（日）まで⁠⁡
⁠⁡
午前11時～午後20時（L.O. 午後19時00分）営業いたします。⁠⁡
※アルコール飲料終日提供停止⁠⁡
※営業日でも予告なく休館日とさせていただく場合がございます。何卒ご了承くださいませ。⁠⁡
※お客様に安心してご来店いただけるよう、ディナー（17時～20時）は予約制とさせていただきます。⁠⁡
⁠⁡
新型コロナウィルス感染症拡大の状況、政府・自治体からの要請等により、実施内容や実施期間が変更になる可能性がございます。⁠⁡
⁠⁡
お客さまには大変なご心配とご迷惑をおかけいたしますが、何卒ご理解賜りますようお願いいたします。⁠⁡
⁠⁡
株式会社 MASAK MASAK",0,08/20/21 09:08 PM,https://www.instagram.com/p/CS0rlB-FrZx/,IG Carousel,,Lifetime,717,515,0,0,0,19,0,0
17895642167161555,17841431992541162,masakmasak_tokyo,MASAK MASAK (マサ マサ),"今年の夏、ぴったりな‟ひんやりカラフルスイーツ” 、「冰皮月餅🥮」（ビーンピーユエビン）のご予約絶賛承中！
⁡
今回マサマサに登場する「冰皮月餅」は、伝統な月餅と違い、油っこさを除き、カラフルで口当たりの良い薄めの生地で甘い餡を包みました。伝統な月餅より、さらりとした食感は涼やかさを感じさせ、夏にぴったりのデザートです。
⁡
さらに！店頭受け取りで１０％オフ！
⁠数量限定発売！皆様のご予約をお待ちしております。
⁡
¥2̶0̶5̶0̶ → 店頭価格 ¥1845!!
⁡
フォトジェニックで珍しい「冰皮月餅」を試してみませんか？
⁡
数量限定発売！皆様のご予約をお待ちしております。
⁡
ミニ冰皮月餅セット🥮（４個⁠入）
𝐌𝐢𝐧𝐢 𝐒𝐧𝐨𝐰𝐬𝐤𝐢𝐧 𝐦𝐨𝐨𝐧𝐜𝐚𝐤𝐞 𝐬𝐞𝐭 🥮(𝟒 𝐟𝐥𝐚𝐯𝐨𝐫)
⁡
▹価格：
・店頭受取: ¥1,845(税込)
・ECサイト(冷凍便): ¥2,050(税込)+送料
⁡
▹内容量： 約45ｇ/個⁠ (直径: 4.2cm 高さ: 2cm)
⁡
▹餡の種類：
❆雪 -蓮の実餡・ 𝐑𝐞𝐝 𝐥𝐨𝐭𝐮𝐬 𝐩𝐚𝐬𝐭𝐞-
すっきりした甘さでほのかな酸味が特徴、伝統の味。
⁡
☘️緑 -抹茶餡・ 𝐌𝐚𝐭𝐜𝐡𝐚 𝐩𝐚𝐬𝐭𝐞-
宇治抹茶を使用。香りが特長、すっきりとした甘さの涼やか特徴。
⁡
𓐍紫 -スイートポテト餡・ 𝐒𝐰𝐞𝐞𝐭 𝐩𝐨𝐭𝐚𝐭𝐨 𝐩𝐚𝐬𝐭𝐞-
秋にほしくなるほくほくの焼き芋味は、特に女性には大人気。
⁡
☕️茶 -オレオチョコ餡・ 𝐎𝐫𝐞𝐨 𝐜𝐡𝐨𝐜𝐨 𝐩𝐚𝐬𝐭𝐞-
オレオのザクザク感を残し、甘さ控えめ濃いチョコ味が特長。
⁡
▹予約詳細
予約はお電話、DM、通販サイトにて承っております。
ご予約締切日： 2021年9月18日(土) 午前12時まで
お渡し期間： 2021年8月21日（土）～ 9月21日（火）
※手作りしていますので、お渡し２日前までにご予約下さい。
⁡
#マサマサ #MASAKMASAK #マレーシア #家庭料理 #マレーシア料理 #東京グルメ #グルメ #九段下 #市ヶ谷グルメ #市ヶ谷カフェ #九段下カフェ #九段下グルメー #東京 #レストラン #tokyo #malaysia #mycafefood #malaysiafood #coffeeshopvibes #mooncake #midautumn #月餅 #げっぺい #スイーツ #冰皮月餅 #中国菓子 #お菓子 #中秋 #festival #節日",0,08/19/21 10:08 PM,https://www.instagram.com/p/CSyQBG1FWqs/,IG Carousel,,Lifetime,875,653,0,0,0,63,0,1
17906254082078672,17841431992541162,masakmasak_tokyo,MASAK MASAK (マサ マサ),"今年の夏、ぴったりな‟ひんやりカラフルスイーツ” 、「冰皮月餅🥮」（ビーンピーユエビン）のご予約絶賛承中！
⁡
今回マサマサに登場する「冰皮月餅」は、伝統な月餅と違い、油っこさを除き、カラフルで口当たりの良い薄めの生地で甘い餡を包みました。伝統な月餅より、さらりとした食感は涼やかさを感じさせ、夏にぴったりのデザートです。
⁡
さらに！店頭受け取りで１０％オフ！
⁠数量限定発売！皆様のご予約をお待ちしております。
⁡
¥2̶0̶5̶0̶ → 店頭価格 ¥1845!!
⁡
フォトジェニックで珍しい「冰皮月餅」を試してみませんか？
⁡
数量限定発売！皆様のご予約をお待ちしております。
⁡
ミニ冰皮月餅セット🥮（４個⁠入）
𝐌𝐢𝐧𝐢 𝐒𝐧𝐨𝐰𝐬𝐤𝐢𝐧 𝐦𝐨𝐨𝐧𝐜𝐚𝐤𝐞 𝐬𝐞𝐭 🥮(𝟒 𝐟𝐥𝐚𝐯𝐨𝐫)
⁡
▹価格：
・店頭受取: ¥1,845(税込)
・ECサイト(冷凍便): ¥2,050(税込)+送料
⁡
▹内容量： 約45ｇ/個⁠ (直径: 4.2cm 高さ: 2cm)
⁡
▹餡の種類：
❆雪 -蓮の実餡・ Red 𝐥𝐨𝐭𝐮𝐬 𝐩𝐚𝐬𝐭𝐞-
すっきりした甘さでほのかな酸味が特徴、伝統の味。
⁡
☘️緑 -抹茶餡・ 𝐌𝐚𝐭𝐜𝐡𝐚 𝐩𝐚𝐬𝐭𝐞-
宇治抹茶を使用。香りが特長、すっきりとした甘さの涼やか特徴。
⁡
𓐍紫 -スイートポテト餡・ 𝐒𝐰𝐞𝐞𝐭 𝐩𝐨𝐭𝐚𝐭𝐨 𝐩𝐚𝐬𝐭𝐞-
秋にほしくなるほくほくの焼き芋味は、特に女性には大人気。
⁡
☕️茶 -オレオチョコ餡・ 𝐎𝐫𝐞𝐨 𝐜𝐡𝐨𝐜𝐨 𝐩𝐚𝐬𝐭𝐞-
オレオのザクザク感を残し、甘さ控えめ濃いチョコ味が特長。
⁡
▹予約詳細
予約はお電話、DM、通販サイトにて承っております。
ご予約締切日： 2021年9月18日(土) 午前12時まで
お渡し期間： 2021年8月21日（土）～ 9月21日（火）
※手作りしていますので、お渡し２日前までにご予約下さい。
⁡
#マサマサ #MASAKMASAK #マレーシア #家庭料理 #マレーシア料理 #東京グルメ #グルメ #九段下 #市ヶ谷グルメ #市ヶ谷カフェ #九段下カフェ #九段下グルメー #東京 #レストラン #tokyo #malaysia #mycafefood #malaysiafood #coffeeshopvibes #mooncake #midautumn #月餅 #げっぺい #スイーツ #冰皮月餅 #中国菓子 #お菓子 #中秋 #festival #節日",0,08/18/21 03:08 AM,https://www.instagram.com/p/CStmfbcn9nB/,IG Carousel,,Lifetime,1655,1284,0,0,0,120,4,9
17907237179030498,17841431992541162,masakmasak_tokyo,MASAK MASAK (マサ マサ),"いよいよ本格的な夏が近づいてきましたね。⁠
⁠
暑い日本の夏にもぴったりな‟ひんやりカラフルスイーツ” 、「冰皮月餅」（ビーンピーユエビン）を常夏の国マレーシアから紹介します！⁠
⁠
月餅とは中国菓子の一つ。皮の中に、蓮の実、あん、干し果実などを入れ、丸く平たい形にして焼いたものです。時代が変わり、本場中国の月餅以外にも、非常に多様な形、餡が存在します。今回紹介する「冰皮月餅」は、伝統な月餅と違い、油っこさを除き、カラフルで口当たりの良い薄めの生地で甘い餡を包みました。伝統な月餅より、さらりとした食感は涼やかさを感じさせ、夏にぴったりのデザートです。⁠
⁠
#マサマサ #MASAKMASAK #マレーシア #家庭料理 #マレーシア料理 #東京グルメ #グルメ #九段下 #市ヶ谷グルメ #市ヶ谷カフェ #九段下カフェ #九段下グルメー #東京 #レストラン #tokyo #malaysia #mycafefood #malaysiafood #coffeeshopvibes #mooncake #midautumn  #月餅 #げっぺい #スイーツ #冰皮月餅 #中国菓子 #お菓子 #中秋 #festival #節日",0,08/16/21 03:08 AM,https://www.instagram.com/p/CSocm0btEqJ/,IG Image,,Lifetime,1055,884,0,0,0,55,0,0
17949041602506456,17841431992541162,masakmasak_tokyo,MASAK MASAK (マサ マサ),"「MASAK MASAK グッズ」
⁡
|トートバック|
マレーシア代表的な食べ物、ナシレマッ！デザインにしましたトートバックです。とてもシンプルなのてで、気軽いにお持ちいただけます！
幅：40cm　高さ：30cm　マチ：10cm
⁡
|タンブラーバッグ|
テータリックと言うマレーシアのミルクティーで、紅茶を注ぐ際の引く動作をタンブラーバッグのデザインにしました！
幅：18cm　高さ：16cm　マチ：8cm
⁡
※現時点は店頭販売のみ
⁡
<EAT IN>
11:00~15:00 (L.O.14:30)
17:00~20:00 (L.O.19:00)※予約制
※現在、アルコールの提供は只今行っておりません。
⁡
<TAKE OUT>
電話受付:11:00~
お渡し時間:11:00~
☎03-6261-4147
✉️DMへ
⁡
では明日も皆さまのご来店もお待ちしております🍱
⁡
#マサマサ #MASAKMASAK #マレーシア #家庭料理 #マレーシア料理 #東京グルメ #グルメ #九段下 #市ヶ谷グルメ #市ヶ谷カフェ #九段下カフェ #九段下グルメ #ランチ #ディナー #東京 #レストラン #tokyo #malaysia　#malaysiancafes #mycafefood #malaysiafood #coffeeshopvibes #トートバッグ #タンブラーバッグ #bag #totebag #tumblerbag #tumbler",0,08/10/21 02:08 AM,https://www.instagram.com/p/CSY8QfJHsSJ/,IG Carousel,,Lifetime,1499,1148,0,0,0,117,0,4
18101301139250761,17841431992541162,masakmasak_tokyo,MASAK MASAK (マサ マサ),"マレーシア料理に多く用いられる「サンバルソース」⁠
おふくろの味とされるほど、唐辛子、レッドオニオン、ニンニクをベース各家庭によってアレンジされる甘辛味の調味料です。⁠
⁠
■内容量⁠
80ｇ⁠
■価格⁠
￥480(税込)⁠
⁠
定番の「ナシレマッ」他に、炒め物やチャーハンから煮物など何にでも相性抜群。⁠
⁠
うまみのある辛さが一度食べるとやみつきに！⁠
⁠
Masak Masakシェフ特製、合成着色料、保存料不使用で食材の自然な旨味をぜひお楽しみください！⁠
⁠
#マサマサ #MASAKMASAK #マレーシア #家庭料理 #マレーシア料理 #東京グルメ #グルメ #九段下 #市ヶ谷グルメ #市ヶ谷カフェ #九段下カフェ #九段下グルメ #ランチ #ディナー #東京 #レストラン #tokyo #malaysia #malaysiancafes #mycafefood #malaysiafood #coffeeshopvibes #sambal #サンバル #ソース #新発売 #辛みそ #chilli #唐辛子⁠",0,08/05/21 03:08 AM,https://www.instagram.com/p/CSMH4N1tSlW/,IG Image,,Lifetime,1350,1127,0,0,0,89,1,2
17895091703199251,17841431992541162,masakmasak_tokyo,MASAK MASAK (マサ マサ),"MASAK MASAKでは定休日を毎週日曜日、祝日と毎１、第３月曜日とさせて頂きます。

｜8月の定休日|
⁠
・8/1（日）
・8/2（月）
・8/8（日）
・8/9（月）
・8/13（金）
・8/14（土）
・8/15（日）
・8/16（月）
・8/22（日）
・8/29（日）
⁠
※8/13~8/16(火)お盆休みになります。⁠
⁠
お客様に安心してご来店いただけるよう、ディナー（17時～20時）は予約制とさせていただきます。よろしくお願いいたします。
⁠
Hi,everyone.

MASAK MASAK is closed on every Sunday,1st & 3rd Monday.

| August's Regular Holiday |
・8/1（Sun）
・8/2（Mon）
・8/8（Sun）
・8/9（Mon）
・8/13（Fri）
・8/14（Sat）
・8/15（Sun）
・8/16（Mon）
・8/22（Sun）
・8/29（Sun）
⁠
Please note dinner reservation (1700 – 2100) is recommended. Bookings can be accepted via both social media and phone call. We greatly appreciate your cooperation.",0,08/01/21 03:08 AM,https://www.instagram.com/p/CSB0sP3taNt/,IG Image,,Lifetime,801,645,0,0,0,12,0,0
17904685516952385,17841431992541162,masakmasak_tokyo,MASAK MASAK (マサ マサ),"仲間募集中！⁠
⁠
マレーシアにいるような落ち着いた雰囲気に囲まれて♪⁠
一緒に働いてくれる仲間を募集しております！⁠
⁠
【カフェ&レストランSTAFF】⁠
業務内容：ホール・キッチン補助⁠
雇用形態：アルバイト・パート⁠
勤務時間：10:00～16:00（週2日以上 1日4時間以上）⁠
勤務期間：長期（3ヶ月以上）⁠
勤務地：MASAK　MASAK⁠
時給：1100円～＋交通費全額支給（上限あり）⁠
　　　研修時給1050円～(最大3ヵ月間)⁠
　　　※能力により研修期間の変動あり⁠
待遇：交通費支給・食事補助・⁠制服貸与⁠
応募方法：メールにて履歴書をお送りください⁠
応募先：masakmasakjp@gmail.com⁠
件名：応募書類送付の件（氏名）⁠
⁠
「普段から料理する又はマレーシアのことが好き！」⁠
「もっとマレーシア人、外国人と交流したい」⁠
「ホールだけではなく、別の仕事も挑戦したい」⁠
そんなあなたに大歓迎です！⁠
⁠
ご応募お待ちしております！⁠
⁠
#マサマサ #MASAKMASAK #マレーシア #家庭料理 #マレーシア料理 #東京グルメ #グルメ #九段下 #市ヶ谷グルメ #市ヶ谷カフェ #九段下カフェ #九段下グルメ #ランチ #ディナー #東京 #レストラン #tokyo #malaysia #malaysiancafes #mycafefood #malaysiafood #coffeeshopvibes #スタッフ募集中 #hiring #staff #アルバイト #スタッフ #募集中 #ホール #キッチン",0,07/21/21 03:07 AM,https://www.instagram.com/p/CRlf8jVsT2Z/,IG Image,,Lifetime,1515,1309,0,0,0,82,0,2
17910388045866425,17841431992541162,masakmasak_tokyo,MASAK MASAK (マサ マサ),"＜サンバルソース・Sambal Sauce＞⁠
⁠
多くのご要望を頂いていたあのソースがついに登場！⁠
⁠
マレーシア料理に多く用いられる「サンバルソース」⁠
おふくろの味とされるほど、唐辛子、レッドオニオン、ニンニクをベース各家庭によってアレンジされる甘辛味の調味料です⁠
⁠
■内容量⁠
80ｇ⁠
■価格⁠
￥480(税込)⁠
⁠
定番の「ナシレマッ」他に、炒め物やチャーハンから煮物など何にでも相性抜群。⁠
⁠
うまみのある辛さが一度食べるとやみつきに！⁠
⁠
Masak Masakシェフ特製、合成着色料、保存料不使用で食材の自然な旨味をぜひお楽しみください！⁠
⁠
#マサマサ #MASAKMASAK #マレーシア #家庭料理 #マレーシア料理 #東京グルメ #グルメ #九段下 #市ヶ谷グルメ #市ヶ谷カフェ #九段下カフェ #九段下グルメ #ランチ #ディナー #東京 #レストラン #tokyo #malaysia #malaysiancafes #mycafefood #malaysiafood #coffeeshopvibes #sambal #サンバル #ソース #新発売 #辛みそ #chilli #唐辛子⁠",0,07/19/21 03:07 AM,https://www.instagram.com/p/CRgWW-XNZqy/,IG Image,,Lifetime,1624,1402,0,0,0,92,0,5
17998779346352401,17841431992541162,masakmasak_tokyo,MASAK MASAK (マサ マサ),"*** Coming soon ***⁠
⁠
夏がやってきましたが、皆さんどうお過ごしですか？⁠
⁠
暑い夏にぴったりのMasak Masakオリジナル商品…もうすぐご紹介しますね！⁠
⁠
guess what it is! ぜひ何の商品か当ててみてください😊",0,07/18/21 03:07 AM,https://www.instagram.com/p/CRdxj2XNg6r/,IG Image,,Lifetime,965,801,0,0,0,37,3,0
17971260028411693,17841431992541162,masakmasak_tokyo,MASAK MASAK (マサ マサ),"イカンビリス(アンチョビ)は、マレーシアで人気のあるスナックです。⁠
ピーナッツと混ぜて、キンキンに冷えたビールと一緒に食べると最高！⁠
塩味が効いていて、食事の前にぴったりです。マサマサではマレーシアの国民料理ナシレマッと一緒に食べることもできますよ。⁠
⁠
#マサマサ #MASAKMASAK #マレーシア #家庭料理 #マレーシア料理 #東京グルメ #グルメ #九段下 #市ヶ谷グルメ #市ヶ谷カフェ #九段下カフェ #九段下グルメ #ランチ #ディナー #東京 #レストラン #tokyo #malaysia #malaysiancafes #mycafefood #malaysiafood #coffeeshopvibes #夏 #ビール #アンチョビ #ピーナッツ #スナック",0,07/16/21 03:07 AM,https://www.instagram.com/p/CRYn-2iMHXk/,IG Image,,Lifetime,908,791,0,0,0,33,0,1
17883857843296923,17841431992541162,masakmasak_tokyo,MASAK MASAK (マサ マサ),"お客さま各位⁠
⁠
7月12日(月)に政府より東京都へ発表された「緊急事態宣言」およびそれに対する各自治体からの要請に対して、当面の期間下記の通り飲食店の営業時間を変更させていただくことといたしました。⁠
⁠
＜営業時間の変更＞⁠
2021年7月12日（月）～2021年8月22日（日）まで⁠
⁠
午前11時～午後20時（L.O. 午後19時00分）営業いたします。⁠
※アルコール飲料終日提供停止⁠
※営業日でも予告なく休館日とさせていただく場合がございます。何卒ご了承くださいませ。⁠
※お客様に安心してご来店いただけるよう、ディナー（17時～20時）は予約制とさせていただきます。⁠
⁠
新型コロナウィルス感染症拡大の状況、政府・自治体からの要請等により、実施内容や実施期間が変更になる可能性がございます。⁠
⁠
お客さまには大変なご心配とご迷惑をおかけいたしますが、何卒ご理解賜りますようお願いいたします。⁠
⁠
株式会社 MASAK MASAK",0,07/11/21 06:07 PM,https://www.instagram.com/p/CRNTloHLJCw/,IG Image,,Lifetime,827,646,0,0,0,13,0,1
18018744586311571,17841431992541162,masakmasak_tokyo,MASAK MASAK (マサ マサ),"暑い日にはマレーシアのひんやりスイーツいかがですか？⁡
⁡
パンダンで作った緑色のゼリー”チェンドル”と相性抜群のココナッツシュガーシロップのかき氷です。⁡
⁡
#マサマサ #MASAKMASAK #マレーシア #家庭料理 #マレーシア料理 #東京グルメ #グルメ #九段下 #市ヶ谷グルメ #市ヶ谷カフェ #九段下カフェ #九段下グルメ #ランチ #ディナー #東京 #レストラン #tokyo #malaysia #malaysiancafes #mycafefood #malaysiafood #coffeeshopvibes #夏 #cendol #かき氷 #チェンドル #デザート #dessert #スイーツ #sweets",0,07/10/21 02:07 AM,https://www.instagram.com/p/CRJF8i-MmLG/,IG Carousel,,Lifetime,2572,2033,0,0,0,188,3,18
